t,x,err,fOut,fIn,fSet,y,errAbs,fI,deltaF,norm,kP,kI,kD,largo,vel
2782285.000000,0.000000,4896.532218,115.705184,3.467782,4900.000000,0.000000,0.000000,5.000000,40.000000,1.000000,0.120000,0.001000,0.000000,4.000000,5.000000
2782379.000000,0.000000,4899.903673,115.705184,0.096327,4900.000000,241.000000,0.000000,5.000000,40.000000,1.000000,0.120000,0.001000,0.000000,4.000000,5.000000
2782472.000000,0.000000,4898.844073,115.705184,1.155927,4900.000000,491.000000,0.000000,5.000000,40.000000,1.000000,0.120000,0.001000,0.000000,4.000000,5.000000
2782566.000000,0.000000,4892.101162,115.705184,7.898838,4900.000000,740.000000,0.000000,5.000000,40.000000,1.000000,0.120000,0.001000,0.000000,4.000000,5.000000
2782659.000000,0.000000,4891.812181,115.705184,8.187819,4900.000000,989.000000,0.000000,5.000000,40.000000,1.000000,0.120000,0.001000,0.000000,4.000000,5.000000
2782753.000000,0.000000,4894.990981,115.705184,5.009019,4900.000000,1238.000000,0.000000,5.000000,40.000000,1.000000,0.120000,0.001000,0.000000,4.000000,5.000000
2782846.000000,0.000000,4893.642399,115.705184,6.357601,4900.000000,1487.000000,0.000000,5.000000,40.000000,1.000000,0.120000,0.001000,0.000000,4.000000,5.000000
2782940.000000,0.000000,4898.940400,115.705184,1.059600,4900.000000,1736.000000,0.000000,5.000000,40.000000,1.000000,0.120000,0.001000,0.000000,4.000000,5.000000
2783033.000000,0.000000,4898.266109,115.705184,1.733891,4900.000000,1985.000000,0.000000,5.000000,40.000000,1.000000,0.120000,0.001000,0.000000,4.000000,5.000000
2783127.000000,0.000000,4896.146909,115.705184,3.853091,4900.000000,2234.000000,0.000000,5.000000,40.000000,1.000000,0.120000,0.001000,0.000000,4.000000,5.000000
2783220.000000,0.000000,4899.711018,115.705184,0.288982,4900.000000,2483.000000,0.000000,5.000000,40.000000,1.000000,0.120000,0.001000,0.000000,4.000000,5.000000
2783313.000000,0.000000,4903.467782,115.705184,-3.467782,4900.000000,2732.000000,0.000000,5.000000,40.000000,1.000000,0.120000,0.001000,0.000000,4.000000,5.000000
2783407.000000,0.000000,4905.201674,115.705184,-5.201674,4900.000000,2981.000000,0.000000,5.000000,40.000000,1.000000,0.120000,0.001000,0.000000,4.000000,5.000000
2783500.000000,0.000000,4897.399163,115.705184,2.600837,4900.000000,3231.000000,0.000000,5.000000,40.000000,1.000000,0.120000,0.001000,0.000000,4.000000,5.000000
2783594.000000,0.000000,4895.568945,115.705184,4.431055,4900.000000,3480.000000,0.000000,5.000000,40.000000,1.000000,0.120000,0.001000,0.000000,4.000000,5.000000
2783687.000000,0.000000,4896.339563,115.705184,3.660437,4900.000000,3729.000000,0.000000,5.000000,40.000000,1.000000,0.120000,0.001000,0.000000,4.000000,5.000000
2783781.000000,0.000000,4900.866946,115.705184,-0.866946,4900.000000,3978.000000,0.000000,5.000000,40.000000,1.000000,0.120000,0.001000,0.000000,4.000000,5.000000
2783874.000000,0.000000,4899.133054,115.705184,0.866946,4900.000000,4227.000000,0.000000,5.000000,40.000000,1.000000,0.120000,0.001000,0.000000,4.000000,5.000000
2783968.000000,0.000000,4897.688145,115.705184,2.311855,4900.000000,4476.000000,0.000000,5.000000,40.000000,1.000000,0.120000,0.001000,0.000000,4.000000,5.000000
2784061.000000,0.000000,4901.926546,115.705184,-1.926546,4900.000000,4725.000000,0.000000,5.000000,40.000000,1.000000,0.120000,0.001000,0.000000,4.000000,5.000000
2784154.000000,0.000000,4897.302836,115.705184,2.697164,4900.000000,4974.000000,0.000000,5.000000,40.000000,1.000000,0.120000,0.001000,0.000000,4.000000,5.000000
2784248.000000,0.000000,4892.679126,115.705184,7.320874,4900.000000,5223.000000,0.000000,5.000000,40.000000,1.000000,0.120000,0.001000,0.000000,4.000000,5.000000
2784341.000000,0.000000,4898.169782,115.705184,1.830218,4900.000000,5472.000000,0.000000,5.000000,40.000000,1.000000,0.120000,0.001000,0.000000,4.000000,5.000000
2784435.000000,0.000000,4901.541237,115.705184,-1.541237,4900.000000,5722.000000,0.000000,5.000000,40.000000,1.000000,0.120000,0.001000,0.000000,4.000000,5.000000
2784528.000000,0.000000,4899.422036,115.705184,0.577964,4900.000000,5971.000000,0.000000,5.000000,40.000000,1.000000,0.120000,0.001000,0.000000,4.000000,5.000000
2784622.000000,0.000000,4894.701999,115.705184,5.298001,4900.000000,6220.000000,0.000000,5.000000,40.000000,1.000000,0.120000,0.001000,0.000000,4.000000,5.000000
2784715.000000,0.000000,4894.413017,115.705184,5.586983,4900.000000,6469.000000,0.000000,5.000000,40.000000,1.000000,0.120000,0.001000,0.000000,4.000000,5.000000
2784809.000000,0.000000,4897.784472,115.705184,2.215528,4900.000000,6718.000000,0.000000,5.000000,40.000000,1.000000,0.120000,0.001000,0.000000,4.000000,5.000000
2784902.000000,0.000000,4899.711018,115.705184,0.288982,4900.000000,6967.000000,0.000000,5.000000,40.000000,1.000000,0.120000,0.001000,0.000000,4.000000,5.000000
2784995.000000,0.000000,4896.146909,115.705184,3.853091,4900.000000,7216.000000,0.000000,5.000000,40.000000,1.000000,0.120000,0.001000,0.000000,4.000000,5.000000
2785089.000000,0.000000,4894.990981,115.705184,5.009019,4900.000000,7465.000000,0.000000,5.000000,40.000000,1.000000,0.120000,0.001000,0.000000,4.000000,5.000000
2785182.000000,0.000000,4893.449744,115.705184,6.550256,4900.000000,7714.000000,0.000000,5.000000,40.000000,1.000000,0.120000,0.001000,0.000000,4.000000,5.000000
2785276.000000,0.000000,4894.124035,115.705184,5.875965,4900.000000,7963.000000,0.000000,5.000000,40.000000,1.000000,0.120000,0.001000,0.000000,4.000000,5.000000
2785369.000000,0.000000,4900.963273,115.705184,-0.963273,4900.000000,8213.000000,0.000000,5.000000,40.000000,1.000000,0.120000,0.001000,0.000000,4.000000,5.000000
2785463.000000,0.000000,4903.853091,115.705184,-3.853091,4900.000000,8462.000000,0.000000,5.000000,40.000000,1.000000,0.120000,0.001000,0.000000,4.000000,5.000000
0.000000,0.000000,0.000000,0.000000,0.000000,0.000000,0.000000,0.000000,0.000000,0.000000,0.000000,0.120000,0.001000,0.000000,4.000000,5.000000
2785650.000000,0.000000,3710.646973,115.705184,1189.353027,4900.000000,12897.000000,371.000000,5.000000,40.000000,1.000000,0.120000,0.001000,0.000000,4.000000,5.000000
2785743.000000,0.000000,2281.438965,115.705184,2618.561035,4900.000000,12959.000000,599.000000,5.000000,40.000000,1.000000,0.120000,0.001000,0.000000,4.000000,5.000000
2785836.000000,0.000000,1474.216309,115.705184,3425.783691,4900.000000,13022.000000,746.000000,5.000000,40.000000,1.000000,0.120000,0.001000,0.000000,4.000000,5.000000
2785930.000000,0.000000,1108.461670,115.705184,3791.538330,4900.000000,13084.000000,856.000000,5.000000,40.000000,1.000000,0.120000,0.001000,0.000000,4.000000,5.000000
0.000000,0.000000,0.000000,0.000000,0.000000,0.000000,0.000000,0.000000,0.000000,0.000000,0.000000,0.120000,0.001000,0.000000,4.000000,5.000000
2786024.000000,195.000000,356.049316,158.448905,4543.950684,4900.000000,13159.000000,35.000000,5.000000,40.000000,1.000000,0.120000,0.001000,0.000000,4.000000,5.000000
2786118.000000,394.000000,122.346680,130.410706,4854.798828,4977.145508,13174.000000,47.000000,5.000000,40.000000,1.000000,0.120000,0.001000,0.000000,4.000000,5.000000
2786211.000000,594.000000,236.308105,144.097892,4819.157715,5055.465820,13187.000000,70.000000,5.000000,40.000000,1.000000,0.120000,0.001000,0.000000,4.000000,5.000000
2786305.000000,793.000000,350.840820,157.859360,4782.553711,5133.394531,13200.000000,105.000000,5.000000,40.000000,1.000000,0.120000,0.001000,0.000000,4.000000,5.000000
2786398.000000,992.000000,361.726074,159.183677,4849.597168,5211.323242,13214.000000,141.000000,5.000000,40.000000,1.000000,0.120000,0.001000,0.000000,4.000000,5.000000
2786492.000000,1192.000000,370.594238,160.266386,4919.049316,5289.643555,13229.000000,178.000000,5.000000,40.000000,1.000000,0.120000,0.001000,0.000000,4.000000,5.000000
2786585.000000,1391.000000,371.172363,160.354320,4996.399902,5367.572266,13244.000000,215.000000,5.000000,40.000000,1.000000,0.120000,0.001000,0.000000,4.000000,5.000000
2786679.000000,1590.000000,348.920410,157.701531,5096.580566,5445.500977,13259.000000,249.000000,5.000000,40.000000,1.000000,0.120000,0.001000,0.000000,4.000000,5.000000
2786772.000000,1790.000000,344.495605,157.187780,5179.325684,5523.821289,13273.000000,283.000000,5.000000,40.000000,1.000000,0.120000,0.001000,0.000000,4.000000,5.000000
2786865.000000,1989.000000,394.007812,163.148945,5207.742188,5601.750000,13288.000000,322.000000,5.000000,40.000000,1.000000,0.120000,0.001000,0.000000,4.000000,5.000000
2786959.000000,2188.000000,447.662109,169.609844,5232.016602,5679.678711,13303.000000,366.000000,5.000000,40.000000,1.000000,0.120000,0.001000,0.000000,4.000000,5.000000
2787052.000000,2387.000000,454.597656,170.464839,5303.009766,5757.607422,13319.000000,411.000000,5.000000,40.000000,1.000000,0.120000,0.001000,0.000000,4.000000,5.000000
2787146.000000,2587.000000,451.713867,170.141370,5384.213867,5835.927734,13335.000000,456.000000,5.000000,40.000000,1.000000,0.120000,0.001000,0.000000,4.000000,5.000000
2787239.000000,2786.000000,443.622559,169.192594,5470.233887,5913.856445,13350.000000,500.000000,5.000000,40.000000,1.000000,0.120000,0.001000,0.000000,4.000000,5.000000
2787333.000000,2985.000000,444.778320,169.353525,5547.006836,5991.785156,13366.000000,544.000000,5.000000,40.000000,1.000000,0.120000,0.001000,0.000000,4.000000,5.000000
2787426.000000,3185.000000,430.335449,167.641897,5639.770020,6070.105469,13382.000000,587.000000,5.000000,40.000000,1.000000,0.120000,0.001000,0.000000,4.000000,5.000000
2787519.000000,3384.000000,426.482422,167.200858,5721.551758,6148.034180,13398.000000,629.000000,5.000000,40.000000,1.000000,0.120000,0.001000,0.000000,4.000000,5.000000
2787613.000000,3583.000000,429.949707,167.638429,5796.013184,6225.962891,13414.000000,671.000000,5.000000,40.000000,1.000000,0.120000,0.001000,0.000000,4.000000,5.000000
2787706.000000,3783.000000,435.928223,168.377648,5868.354980,6304.283203,13429.000000,714.000000,5.000000,40.000000,1.000000,0.120000,0.001000,0.000000,4.000000,5.000000
2787800.000000,3982.000000,439.974121,168.885154,5942.237793,6382.211914,13445.000000,757.000000,5.000000,40.000000,1.000000,0.120000,0.001000,0.000000,4.000000,5.000000
2787893.000000,4181.000000,441.997070,169.150008,6018.143555,6460.140625,13461.000000,801.000000,5.000000,40.000000,1.000000,0.120000,0.001000,0.000000,4.000000,5.000000
2787987.000000,4381.000000,453.562500,170.560538,6084.898438,6538.460938,13477.000000,846.000000,5.000000,40.000000,1.000000,0.120000,0.001000,0.000000,4.000000,5.000000
2788080.000000,4580.000000,469.937988,172.549093,6146.451660,6616.389648,13493.000000,892.000000,5.000000,40.000000,1.000000,0.120000,0.001000,0.000000,4.000000,5.000000
2788173.000000,4779.000000,478.703613,173.624903,6215.614746,6694.318359,13509.000000,939.000000,5.000000,40.000000,1.000000,0.120000,0.001000,0.000000,4.000000,5.000000
2788267.000000,4978.000000,481.882324,174.030443,6290.364746,6772.247070,13525.000000,987.000000,5.000000,40.000000,1.000000,0.120000,0.001000,0.000000,4.000000,5.000000
2788360.000000,5178.000000,485.163574,174.448451,6365.403809,6850.567383,13541.000000,1035.000000,5.000000,40.000000,1.000000,0.120000,0.001000,0.000000,4.000000,5.000000
2788454.000000,5377.000000,479.769531,173.825154,6448.726562,6928.496094,13557.000000,1082.000000,5.000000,40.000000,1.000000,0.120000,0.001000,0.000000,4.000000,5.000000
2788547.000000,5576.000000,478.908691,173.745799,6527.907715,7006.816406,13574.000000,1129.000000,5.000000,40.000000,1.000000,0.120000,0.001000,0.000000,4.000000,5.000000
2788641.000000,5776.000000,472.647461,173.018084,6612.097656,7084.745117,13590.000000,1176.000000,5.000000,40.000000,1.000000,0.120000,0.001000,0.000000,4.000000,5.000000
2788734.000000,5975.000000,465.037598,172.128152,6697.636230,7162.673828,13606.000000,1222.000000,5.000000,40.000000,1.000000,0.120000,0.001000,0.000000,4.000000,5.000000
2788828.000000,6174.000000,466.289551,172.301701,6774.312988,7240.602539,13622.000000,1268.000000,5.000000,40.000000,1.000000,0.120000,0.001000,0.000000,4.000000,5.000000
2788921.000000,6374.000000,452.135742,170.625851,6866.787109,7318.922852,13638.000000,1313.000000,5.000000,40.000000,1.000000,0.120000,0.001000,0.000000,4.000000,5.000000
2789015.000000,6573.000000,436.819824,168.809781,6960.031738,7396.851562,13654.000000,1356.000000,5.000000,40.000000,1.000000,0.120000,0.001000,0.000000,4.000000,5.000000
2789108.000000,6772.000000,426.807617,167.629657,7048.364258,7475.171875,13671.000000,1398.000000,5.000000,40.000000,1.000000,0.120000,0.001000,0.000000,4.000000,5.000000
2789201.000000,6972.000000,413.514648,166.055176,7139.585938,7553.100586,13687.000000,1439.000000,5.000000,40.000000,1.000000,0.120000,0.001000,0.000000,4.000000,5.000000
2789295.000000,7171.000000,405.230469,165.081336,7225.798828,7631.029297,13703.000000,1479.000000,5.000000,40.000000,1.000000,0.120000,0.001000,0.000000,4.000000,5.000000
2789388.000000,7370.000000,391.551758,163.459469,7317.406250,7708.958008,13719.000000,1518.000000,5.000000,40.000000,1.000000,0.120000,0.001000,0.000000,4.000000,5.000000
2789482.000000,7570.000000,379.999023,162.092140,7407.279297,7787.278320,13735.000000,1555.000000,5.000000,40.000000,1.000000,0.120000,0.001000,0.000000,4.000000,5.000000
2789575.000000,7769.000000,367.572266,160.619308,7497.634766,7865.207031,13751.000000,1591.000000,5.000000,40.000000,1.000000,0.120000,0.001000,0.000000,4.000000,5.000000
2789669.000000,7968.000000,353.604980,158.960914,7589.530762,7943.135742,13768.000000,1626.000000,5.000000,40.000000,1.000000,0.120000,0.001000,0.000000,4.000000,5.000000
2789762.000000,8167.000000,347.253418,158.216089,7674.202637,8021.456055,13784.000000,1660.000000,5.000000,40.000000,1.000000,0.120000,0.001000,0.000000,4.000000,5.000000
2789856.000000,8367.000000,329.818359,156.140373,7769.566406,8099.384766,13800.000000,1692.000000,5.000000,40.000000,1.000000,0.120000,0.001000,0.000000,4.000000,5.000000
2789949.000000,8566.000000,311.419922,153.948132,7865.893555,8177.313477,13816.000000,1723.000000,5.000000,40.000000,1.000000,0.120000,0.001000,0.000000,4.000000,5.000000
2790042.000000,8765.000000,294.857422,151.975375,7960.776367,8255.633789,13832.000000,1752.000000,5.000000,40.000000,1.000000,0.120000,0.001000,0.000000,4.000000,5.000000
2790136.000000,8965.000000,288.403809,151.215361,8045.158691,8333.562500,13848.000000,1780.000000,5.000000,40.000000,1.000000,0.120000,0.001000,0.000000,4.000000,5.000000
2790229.000000,9164.000000,279.445312,150.154314,8132.045898,8411.491211,13865.000000,1807.000000,5.000000,40.000000,1.000000,0.120000,0.001000,0.000000,4.000000,5.000000
2790323.000000,9363.000000,274.634766,149.590780,8215.176758,8489.811523,13881.000000,1834.000000,5.000000,40.000000,1.000000,0.120000,0.001000,0.000000,4.000000,5.000000
2790416.000000,9563.000000,271.937500,149.280705,8295.802734,8567.740234,13897.000000,1861.000000,5.000000,40.000000,1.000000,0.120000,0.001000,0.000000,4.000000,5.000000
2790510.000000,9762.000000,268.566406,148.889602,8377.102539,8645.668945,13913.000000,1887.000000,5.000000,40.000000,1.000000,0.120000,0.001000,0.000000,4.000000,5.000000
2790603.000000,9961.000000,258.452148,147.688814,8465.145508,8723.597656,13929.000000,1912.000000,5.000000,40.000000,1.000000,0.120000,0.001000,0.000000,4.000000,5.000000
2790696.000000,10161.000000,247.573242,146.395724,8554.344727,8801.917969,13945.000000,1936.000000,5.000000,40.000000,1.000000,0.120000,0.001000,0.000000,4.000000,5.000000
2790790.000000,10360.000000,248.921875,146.570006,8630.924805,8879.846680,13962.000000,1960.000000,5.000000,40.000000,1.000000,0.120000,0.001000,0.000000,4.000000,5.000000
2790883.000000,10559.000000,248.343750,146.513048,8709.431641,8957.775391,13978.000000,1984.000000,5.000000,40.000000,1.000000,0.120000,0.001000,0.000000,4.000000,5.000000
2790977.000000,10759.000000,255.863281,147.428185,8780.232422,9036.095703,13994.000000,2009.000000,5.000000,40.000000,1.000000,0.120000,0.001000,0.000000,4.000000,5.000000
2791070.000000,10958.000000,256.344727,147.498775,8857.679688,9114.024414,14010.000000,2034.000000,5.000000,40.000000,1.000000,0.120000,0.001000,0.000000,4.000000,5.000000
2791164.000000,11157.000000,259.427734,147.881708,8932.525391,9191.953125,14026.000000,2059.000000,5.000000,40.000000,1.000000,0.120000,0.001000,0.000000,4.000000,5.000000
2791257.000000,11356.000000,259.818359,147.941574,9010.455078,9270.273438,14042.000000,2084.000000,5.000000,40.000000,1.000000,0.120000,0.001000,0.000000,4.000000,5.000000
2791350.000000,11556.000000,253.268555,147.168261,9094.933594,9348.202148,14059.000000,2109.000000,5.000000,40.000000,1.000000,0.120000,0.001000,0.000000,4.000000,5.000000
2791444.000000,11755.000000,247.392578,146.475513,9178.738281,9426.130859,14075.000000,2133.000000,5.000000,40.000000,1.000000,0.120000,0.001000,0.000000,4.000000,5.000000
2791537.000000,11954.000000,246.333008,146.360681,9257.726562,9504.059570,14091.000000,2157.000000,5.000000,40.000000,1.000000,0.120000,0.001000,0.000000,4.000000,5.000000
2791631.000000,12154.000000,232.372070,144.696987,9350.007812,9582.379883,14107.000000,2180.000000,5.000000,40.000000,1.000000,0.120000,0.001000,0.000000,4.000000,5.000000
2791724.000000,12353.000000,218.115234,142.997073,9442.193359,9660.308594,14123.000000,2201.000000,5.000000,40.000000,1.000000,0.120000,0.001000,0.000000,4.000000,5.000000
2791818.000000,12552.000000,207.236328,141.701966,9531.392578,9738.628906,14139.000000,2221.000000,5.000000,40.000000,1.000000,0.120000,0.001000,0.000000,4.000000,5.000000
2791911.000000,12752.000000,200.011719,140.845013,9616.545898,9816.557617,14156.000000,2241.000000,5.000000,40.000000,1.000000,0.120000,0.001000,0.000000,4.000000,5.000000
2792005.000000,12951.000000,184.310547,138.970088,9710.175781,9894.486328,14172.000000,2259.000000,5.000000,40.000000,1.000000,0.120000,0.001000,0.000000,4.000000,5.000000
2792098.000000,13150.000000,163.503906,136.481467,9808.911133,9972.415039,14188.000000,2275.000000,5.000000,40.000000,1.000000,0.120000,0.001000,0.000000,4.000000,5.000000
2792192.000000,13350.000000,145.400391,134.316315,9905.334961,10050.735352,14204.000000,2289.000000,5.000000,40.000000,1.000000,0.120000,0.001000,0.000000,4.000000,5.000000
2792285.000000,13549.000000,133.648438,132.912763,9995.015625,10128.664062,14220.000000,2302.000000,5.000000,40.000000,1.000000,0.120000,0.001000,0.000000,4.000000,5.000000
2792379.000000,13748.000000,129.031250,132.365152,10077.953125,10206.984375,14236.000000,2314.000000,5.000000,40.000000,1.000000,0.120000,0.001000,0.000000,4.000000,5.000000
2792472.000000,13948.000000,116.026367,130.810367,10168.886719,10284.913086,14252.000000,2325.000000,5.000000,40.000000,1.000000,0.120000,0.001000,0.000000,4.000000,5.000000
2792565.000000,14147.000000,103.407227,129.301241,10259.434570,10362.841797,14269.000000,2335.000000,5.000000,40.000000,1.000000,0.120000,0.001000,0.000000,4.000000,5.000000
2792659.000000,14346.000000,85.490234,127.155476,10355.280273,10440.770508,14285.000000,2343.000000,5.000000,40.000000,1.000000,0.120000,0.001000,0.000000,4.000000,5.000000
2792752.000000,14545.000000,70.855469,125.402847,10448.235352,10519.090820,14301.000000,2350.000000,5.000000,40.000000,1.000000,0.120000,0.001000,0.000000,4.000000,5.000000
2792846.000000,14745.000000,51.782227,123.116647,10545.237305,10597.019531,14317.000000,2355.000000,5.000000,40.000000,1.000000,0.120000,0.001000,0.000000,4.000000,5.000000
2792939.000000,14944.000000,41.957031,121.939721,10632.991211,10674.948242,14333.000000,2359.000000,5.000000,40.000000,1.000000,0.120000,0.001000,0.000000,4.000000,5.000000
2793032.000000,15143.000000,36.176758,121.247897,10716.700195,10752.876953,14349.000000,2362.000000,5.000000,40.000000,1.000000,0.120000,0.001000,0.000000,4.000000,5.000000
2793126.000000,15343.000000,34.834961,121.088624,10796.362305,10831.197266,14366.000000,2365.000000,5.000000,40.000000,1.000000,0.120000,0.001000,0.000000,4.000000,5.000000
2793219.000000,15542.000000,30.210938,120.535251,10878.915039,10909.125977,14382.000000,2368.000000,5.000000,40.000000,1.000000,0.120000,0.001000,0.000000,4.000000,5.000000
2793313.000000,15741.000000,33.299805,120.907580,10954.146484,10987.446289,14398.000000,2371.000000,5.000000,40.000000,1.000000,0.120000,0.001000,0.000000,4.000000,5.000000
2793406.000000,15941.000000,25.208008,119.937825,11040.166992,11065.375000,14414.000000,2373.000000,5.000000,40.000000,1.000000,0.120000,0.001000,0.000000,4.000000,5.000000
2793500.000000,16140.000000,19.235352,119.222068,11124.068359,11143.303711,14430.000000,2374.000000,5.000000,40.000000,1.000000,0.120000,0.001000,0.000000,4.000000,5.000000
2793593.000000,16339.000000,25.497070,119.974749,11195.735352,11221.232422,14446.000000,2376.000000,5.000000,40.000000,1.000000,0.120000,0.001000,0.000000,4.000000,5.000000
2793687.000000,16539.000000,35.424805,121.167849,11264.127930,11299.552734,14463.000000,2379.000000,5.000000,40.000000,1.000000,0.120000,0.001000,0.000000,4.000000,5.000000
2793780.000000,16738.000000,43.998047,122.198838,11333.483398,11377.481445,14479.000000,2383.000000,5.000000,40.000000,1.000000,0.120000,0.001000,0.000000,4.000000,5.000000
2793873.000000,16937.000000,46.309570,122.478536,11409.100586,11455.410156,14495.000000,2387.000000,5.000000,40.000000,1.000000,0.120000,0.001000,0.000000,4.000000,5.000000
2793967.000000,17137.000000,53.155273,123.302678,11480.575195,11533.730469,14511.000000,2392.000000,5.000000,40.000000,1.000000,0.120000,0.001000,0.000000,4.000000,5.000000
2794060.000000,17336.000000,59.512695,124.068544,11552.146484,11611.659180,14527.000000,2397.000000,5.000000,40.000000,1.000000,0.120000,0.001000,0.000000,4.000000,5.000000
2794154.000000,17535.000000,70.205078,125.355141,11619.382812,11689.587891,14543.000000,2404.000000,5.000000,40.000000,1.000000,0.120000,0.001000,0.000000,4.000000,5.000000
2794247.000000,17735.000000,78.880859,126.400178,11689.027344,11767.908203,14560.000000,2411.000000,5.000000,40.000000,1.000000,0.120000,0.001000,0.000000,4.000000,5.000000
2794341.000000,17934.000000,66.839844,124.958598,11778.997070,11845.836914,14576.000000,2417.000000,5.000000,40.000000,1.000000,0.120000,0.001000,0.000000,4.000000,5.000000
2794434.000000,18133.000000,57.014648,123.782426,11866.750977,11923.765625,14592.000000,2422.000000,5.000000,40.000000,1.000000,0.120000,0.001000,0.000000,4.000000,5.000000
2794528.000000,18332.000000,51.433594,123.115271,11950.652344,12002.085938,14608.000000,2427.000000,5.000000,40.000000,1.000000,0.120000,0.001000,0.000000,4.000000,5.000000
2794621.000000,18532.000000,41.125977,121.880413,12038.888672,12080.014648,14624.000000,2431.000000,5.000000,40.000000,1.000000,0.120000,0.001000,0.000000,4.000000,5.000000
2794714.000000,18731.000000,31.782227,120.760752,12126.161133,12157.943359,14640.000000,2434.000000,5.000000,40.000000,1.000000,0.120000,0.001000,0.000000,4.000000,5.000000
2794808.000000,18930.000000,33.426758,120.959767,12202.836914,12236.263672,14657.000000,2437.000000,5.000000,40.000000,1.000000,0.120000,0.001000,0.000000,4.000000,5.000000
2794901.000000,19130.000000,38.820312,121.608935,12275.372070,12314.192383,14673.000000,2440.000000,5.000000,40.000000,1.000000,0.120000,0.001000,0.000000,4.000000,5.000000
2794995.000000,19329.000000,22.637695,119.668153,12369.483398,12392.121094,14689.000000,2442.000000,5.000000,40.000000,1.000000,0.120000,0.001000,0.000000,4.000000,5.000000
2795088.000000,19528.000000,18.020508,119.114991,12452.420898,12470.441406,14705.000000,2443.000000,5.000000,40.000000,1.000000,0.120000,0.001000,0.000000,4.000000,5.000000
2795182.000000,19728.000000,19.272461,119.266189,12529.097656,12548.370117,14721.000000,2444.000000,5.000000,40.000000,1.000000,0.120000,0.001000,0.000000,4.000000,5.000000
2795275.000000,19927.000000,19.464844,119.290248,12606.833984,12626.298828,14737.000000,2445.000000,5.000000,40.000000,1.000000,0.120000,0.001000,0.000000,4.000000,5.000000
2795368.000000,20126.000000,21.680664,119.557231,12682.546875,12704.227539,14754.000000,2447.000000,5.000000,40.000000,1.000000,0.120000,0.001000,0.000000,4.000000,5.000000
2795462.000000,20326.000000,20.434570,119.408721,12762.113281,12782.547852,14770.000000,2449.000000,5.000000,40.000000,1.000000,0.120000,0.001000,0.000000,4.000000,5.000000
2795555.000000,20525.000000,18.507812,119.178436,12841.968750,12860.476562,14786.000000,2450.000000,5.000000,40.000000,1.000000,0.120000,0.001000,0.000000,4.000000,5.000000
2795649.000000,20724.000000,9.266602,118.069954,12929.530273,12938.796875,14802.000000,2450.000000,5.000000,40.000000,1.000000,0.120000,0.001000,0.000000,4.000000,5.000000
2795742.000000,20923.000000,7.147461,117.816014,13009.578125,13016.725586,14818.000000,2450.000000,5.000000,40.000000,1.000000,0.120000,0.001000,0.000000,4.000000,5.000000
2795836.000000,21123.000000,-1.618164,116.764058,13096.272461,13094.654297,14834.000000,2450.000000,5.000000,40.000000,1.000000,0.120000,0.001000,0.000000,4.000000,5.000000
2795929.000000,21322.000000,-16.260742,115.006136,13188.843750,13172.583008,14851.000000,2451.000000,5.000000,40.000000,1.000000,0.120000,0.001000,0.000000,4.000000,5.000000
2796023.000000,21521.000000,-16.735352,114.948346,13267.638672,13250.903320,14867.000000,2452.000000,5.000000,40.000000,1.000000,0.120000,0.001000,0.000000,4.000000,5.000000
2796116.000000,21721.000000,-8.355469,115.953514,13337.187500,13328.832031,14883.000000,2452.000000,5.000000,40.000000,1.000000,0.120000,0.001000,0.000000,4.000000,5.000000
2796209.000000,21920.000000,-5.080078,116.346307,13411.840820,13406.760742,14899.000000,2452.000000,5.000000,40.000000,1.000000,0.120000,0.001000,0.000000,4.000000,5.000000
2796303.000000,22119.000000,-14.039062,115.270527,13498.728516,13484.689453,14915.000000,2453.000000,5.000000,40.000000,1.000000,0.120000,0.001000,0.000000,4.000000,5.000000
2796396.000000,22319.000000,-27.518555,113.651612,13590.528320,13563.009766,14931.000000,2455.000000,5.000000,40.000000,1.000000,0.120000,0.001000,0.000000,4.000000,5.000000
2796490.000000,22518.000000,-35.127930,112.736731,13676.066406,13640.938477,14948.000000,2458.000000,5.000000,40.000000,1.000000,0.120000,0.001000,0.000000,4.000000,5.000000
2796583.000000,22717.000000,-31.372070,113.185865,13750.239258,13718.867188,14964.000000,2461.000000,5.000000,40.000000,1.000000,0.120000,0.001000,0.000000,4.000000,5.000000
2796677.000000,22917.000000,-13.833984,115.289744,13811.021484,13797.187500,14980.000000,2462.000000,5.000000,40.000000,1.000000,0.120000,0.001000,0.000000,4.000000,5.000000
2796770.000000,23116.000000,-4.008789,116.468567,13879.125000,13875.116211,14996.000000,2462.000000,5.000000,40.000000,1.000000,0.120000,0.001000,0.000000,4.000000,5.000000
2796864.000000,23315.000000,-2.756836,116.618663,13955.801758,13953.044922,15012.000000,2462.000000,5.000000,40.000000,1.000000,0.120000,0.001000,0.000000,4.000000,5.000000
2796957.000000,23515.000000,-8.433594,115.937031,14039.798828,14031.365234,15028.000000,2462.000000,5.000000,40.000000,1.000000,0.120000,0.001000,0.000000,4.000000,5.000000
2797050.000000,23714.000000,-10.649414,115.670600,14119.943359,14109.293945,15045.000000,2463.000000,5.000000,40.000000,1.000000,0.120000,0.001000,0.000000,4.000000,5.000000
2797144.000000,23913.000000,-10.263672,115.716376,14197.486328,14187.222656,15061.000000,2464.000000,5.000000,40.000000,1.000000,0.120000,0.001000,0.000000,4.000000,5.000000
2797237.000000,24113.000000,-1.492188,116.768879,14267.035156,14265.542969,15077.000000,2464.000000,5.000000,40.000000,1.000000,0.120000,0.001000,0.000000,4.000000,5.000000
2797331.000000,24312.000000,3.228516,117.335525,14340.243164,14343.471680,15093.000000,2464.000000,5.000000,40.000000,1.000000,0.120000,0.001000,0.000000,4.000000,5.000000
2797424.000000,24511.000000,10.356445,118.191394,14411.043945,14421.400391,15109.000000,2465.000000,5.000000,40.000000,1.000000,0.120000,0.001000,0.000000,4.000000,5.000000
2797518.000000,24710.000000,13.149414,118.527208,14486.179688,14499.329102,15125.000000,2466.000000,5.000000,40.000000,1.000000,0.120000,0.001000,0.000000,4.000000,5.000000
2797611.000000,24910.000000,8.147461,117.927381,14569.501953,14577.649414,15142.000000,2466.000000,5.000000,40.000000,1.000000,0.120000,0.001000,0.000000,4.000000,5.000000
2797704.000000,25109.000000,1.307617,117.106665,14654.270508,14655.578125,15158.000000,2466.000000,5.000000,40.000000,1.000000,0.120000,0.001000,0.000000,4.000000,5.000000
2797798.000000,25308.000000,0.633789,117.025838,14732.873047,14733.506836,15174.000000,2466.000000,5.000000,40.000000,1.000000,0.120000,0.001000,0.000000,4.000000,5.000000
2797891.000000,25508.000000,-18.336914,114.748436,14830.164062,14811.827148,15190.000000,2467.000000,5.000000,40.000000,1.000000,0.120000,0.001000,0.000000,4.000000,5.000000
2797985.000000,25707.000000,-36.542969,112.561883,14926.298828,14889.755859,15206.000000,2470.000000,5.000000,40.000000,1.000000,0.120000,0.001000,0.000000,4.000000,5.000000
2798078.000000,25906.000000,-49.162109,111.045128,15016.846680,14967.684570,15222.000000,2474.000000,5.000000,40.000000,1.000000,0.120000,0.001000,0.000000,4.000000,5.000000
2798172.000000,26106.000000,-59.655273,109.782965,15105.660156,15046.004883,15239.000000,2479.000000,5.000000,40.000000,1.000000,0.120000,0.001000,0.000000,4.000000,5.000000
2798265.000000,26305.000000,-67.458984,108.843147,15191.391602,15123.932617,15255.000000,2485.000000,5.000000,40.000000,1.000000,0.120000,0.001000,0.000000,4.000000,5.000000
2798359.000000,26504.000000,-69.095703,108.643286,15270.958008,15201.862305,15271.000000,2491.000000,5.000000,40.000000,1.000000,0.120000,0.001000,0.000000,4.000000,5.000000
2798452.000000,26704.000000,-68.125977,108.756247,15348.308594,15280.182617,15287.000000,2497.000000,5.000000,40.000000,1.000000,0.120000,0.001000,0.000000,4.000000,5.000000
2798545.000000,26903.000000,-67.644531,108.810638,15425.755859,15358.111328,15303.000000,2503.000000,5.000000,40.000000,1.000000,0.120000,0.001000,0.000000,4.000000,5.000000
2798639.000000,27102.000000,-81.515625,107.142031,15517.555664,15436.040039,15319.000000,2511.000000,5.000000,40.000000,1.000000,0.120000,0.001000,0.000000,4.000000,5.000000
2798732.000000,27302.000000,-92.972656,105.762539,15607.333008,15514.360352,15336.000000,2520.000000,5.000000,40.000000,1.000000,0.120000,0.001000,0.000000,4.000000,5.000000
2798826.000000,27501.000000,-97.789062,105.179680,15690.078125,15592.289062,15352.000000,2529.000000,5.000000,40.000000,1.000000,0.120000,0.001000,0.000000,4.000000,5.000000
2798919.000000,27700.000000,-114.158203,103.209676,15784.767578,15670.609375,15368.000000,2540.000000,5.000000,40.000000,1.000000,0.120000,0.001000,0.000000,4.000000,5.000000
2799013.000000,27899.000000,-120.804688,102.406057,15869.342773,15748.538086,15384.000000,2552.000000,5.000000,40.000000,1.000000,0.120000,0.001000,0.000000,4.000000,5.000000
2799106.000000,28099.000000,-134.001953,100.815685,15960.468750,15826.466797,15400.000000,2565.000000,5.000000,40.000000,1.000000,0.120000,0.001000,0.000000,4.000000,5.000000
2799199.000000,28298.000000,-141.033203,99.964884,16045.428711,15904.395508,15416.000000,2579.000000,5.000000,40.000000,1.000000,0.120000,0.001000,0.000000,4.000000,5.000000
2799293.000000,28497.000000,-139.389648,100.155141,16122.105469,15982.715820,15433.000000,2592.000000,5.000000,40.000000,1.000000,0.120000,0.001000,0.000000,4.000000,5.000000
2799386.000000,28697.000000,-127.156250,101.616791,16187.800781,16060.644531,15449.000000,2604.000000,5.000000,40.000000,1.000000,0.120000,0.001000,0.000000,4.000000,5.000000
2799480.000000,28896.000000,-122.917969,102.119239,16261.491211,16138.573242,15465.000000,2616.000000,5.000000,40.000000,1.000000,0.120000,0.001000,0.000000,4.000000,5.000000
2799573.000000,29095.000000,-115.019531,103.061300,16331.521484,16216.501953,15481.000000,2627.000000,5.000000,40.000000,1.000000,0.120000,0.001000,0.000000,4.000000,5.000000
2799667.000000,29295.000000,-107.691406,103.935290,16402.513672,16294.822266,15497.000000,2637.000000,5.000000,40.000000,1.000000,0.120000,0.001000,0.000000,4.000000,5.000000
2799760.000000,29494.000000,-104.610352,104.299786,16477.361328,16372.750977,15513.000000,2647.000000,5.000000,40.000000,1.000000,0.120000,0.001000,0.000000,4.000000,5.000000
2799854.000000,29693.000000,-97.000000,105.208179,16547.679688,16450.679688,15530.000000,2656.000000,5.000000,40.000000,1.000000,0.120000,0.001000,0.000000,4.000000,5.000000
2799947.000000,29893.000000,-100.171875,104.822545,16629.171875,16529.000000,15546.000000,2666.000000,5.000000,40.000000,1.000000,0.120000,0.001000,0.000000,4.000000,5.000000
2800041.000000,30092.000000,-98.052734,105.071939,16704.982422,16606.929688,15562.000000,2675.000000,5.000000,40.000000,1.000000,0.120000,0.001000,0.000000,4.000000,5.000000
2800134.000000,30291.000000,-83.027344,106.870835,16767.884766,16684.857422,15578.000000,2683.000000,5.000000,40.000000,1.000000,0.120000,0.001000,0.000000,4.000000,5.000000
2800227.000000,30491.000000,-72.039062,108.185827,16835.216797,16763.177734,15594.000000,2690.000000,5.000000,40.000000,1.000000,0.120000,0.001000,0.000000,4.000000,5.000000
2800321.000000,30690.000000,-65.490234,108.968411,16906.595703,16841.105469,15610.000000,2696.000000,5.000000,40.000000,1.000000,0.120000,0.001000,0.000000,4.000000,5.000000
2800414.000000,30889.000000,-63.369141,109.219774,16982.404297,16919.035156,15627.000000,2702.000000,5.000000,40.000000,1.000000,0.120000,0.001000,0.000000,4.000000,5.000000
2800508.000000,31089.000000,-65.097656,109.009098,17062.453125,16997.355469,15643.000000,2708.000000,5.000000,40.000000,1.000000,0.120000,0.001000,0.000000,4.000000,5.000000
2800601.000000,31288.000000,-59.220703,109.711371,17134.505859,17075.285156,15659.000000,2713.000000,5.000000,40.000000,1.000000,0.120000,0.001000,0.000000,4.000000,5.000000
2800695.000000,31487.000000,-61.917969,109.384603,17215.130859,17153.212891,15675.000000,2719.000000,5.000000,40.000000,1.000000,0.120000,0.001000,0.000000,4.000000,5.000000
2800788.000000,31686.000000,-74.242188,107.901985,17305.775391,17231.533203,15691.000000,2726.000000,5.000000,40.000000,1.000000,0.120000,0.001000,0.000000,4.000000,5.000000
2800882.000000,31886.000000,-83.585938,106.776555,17393.048828,17309.462891,15707.000000,2734.000000,5.000000,40.000000,1.000000,0.120000,0.001000,0.000000,4.000000,5.000000
2800975.000000,32085.000000,-92.544922,105.696850,17479.935547,17387.390625,15724.000000,2743.000000,5.000000,40.000000,1.000000,0.120000,0.001000,0.000000,4.000000,5.000000
2801068.000000,32284.000000,-98.896484,104.929718,17564.607422,17465.710938,15740.000000,2752.000000,5.000000,40.000000,1.000000,0.120000,0.001000,0.000000,4.000000,5.000000
2801162.000000,32484.000000,-105.253906,104.161564,17648.892578,17543.638672,15756.000000,2762.000000,5.000000,40.000000,1.000000,0.120000,0.001000,0.000000,4.000000,5.000000
2801255.000000,32683.000000,-111.900391,103.358391,17733.468750,17621.568359,15772.000000,2773.000000,5.000000,40.000000,1.000000,0.120000,0.001000,0.000000,4.000000,5.000000
2801349.000000,32882.000000,-122.880859,102.034591,17822.378906,17699.498047,15788.000000,2785.000000,5.000000,40.000000,1.000000,0.120000,0.001000,0.000000,4.000000,5.000000
2801442.000000,33082.000000,-133.662109,100.734158,17911.480469,17777.818359,15804.000000,2798.000000,5.000000,40.000000,1.000000,0.120000,0.001000,0.000000,4.000000,5.000000
2801536.000000,33281.000000,-132.218750,100.900750,17987.964844,17855.746094,15821.000000,2811.000000,5.000000,40.000000,1.000000,0.120000,0.001000,0.000000,4.000000,5.000000
2801629.000000,33480.000000,-133.666016,100.720395,18067.339844,17933.673828,15837.000000,2824.000000,5.000000,40.000000,1.000000,0.120000,0.001000,0.000000,4.000000,5.000000
2801722.000000,33680.000000,-140.113281,99.939717,18152.107422,18011.994141,15853.000000,2838.000000,5.000000,40.000000,1.000000,0.120000,0.001000,0.000000,4.000000,5.000000
2801816.000000,33879.000000,-143.386719,99.539736,18233.310547,18089.923828,15869.000000,2852.000000,5.000000,40.000000,1.000000,0.120000,0.001000,0.000000,4.000000,5.000000
2801909.000000,34078.000000,-146.759766,99.127632,18314.611328,18167.851562,15885.000000,2866.000000,5.000000,40.000000,1.000000,0.120000,0.001000,0.000000,4.000000,5.000000
2802003.000000,34277.000000,-153.302734,98.334811,18399.474609,18246.171875,15901.000000,2881.000000,5.000000,40.000000,1.000000,0.120000,0.001000,0.000000,4.000000,5.000000
2802096.000000,34477.000000,-152.628906,98.408038,18476.730469,18324.101562,15917.000000,2896.000000,5.000000,40.000000,1.000000,0.120000,0.001000,0.000000,4.000000,5.000000
2802190.000000,34676.000000,-149.449219,98.782128,18551.480469,18402.031250,15934.000000,2910.000000,5.000000,40.000000,1.000000,0.120000,0.001000,0.000000,4.000000,5.000000
2802283.000000,34875.000000,-156.000000,97.988235,18635.958984,18479.958984,15950.000000,2925.000000,5.000000,40.000000,1.000000,0.120000,0.001000,0.000000,4.000000,5.000000
2802376.000000,35075.000000,-152.525391,98.397562,18710.804688,18558.279297,15966.000000,2940.000000,5.000000,40.000000,1.000000,0.120000,0.001000,0.000000,4.000000,5.000000
2802470.000000,35274.000000,-140.679688,99.812012,18776.886719,18636.207031,15982.000000,2954.000000,5.000000,40.000000,1.000000,0.120000,0.001000,0.000000,4.000000,5.000000
2802564.000000,35473.000000,-138.939453,100.013893,18853.466797,18714.527344,15998.000000,2967.000000,5.000000,40.000000,1.000000,0.120000,0.001000,0.000000,4.000000,5.000000
2802657.000000,35673.000000,-137.396484,100.192180,18929.853516,18792.457031,16014.000000,2980.000000,5.000000,40.000000,1.000000,0.120000,0.001000,0.000000,4.000000,5.000000
2802750.000000,35872.000000,-94.626953,105.319792,18965.013672,18870.386719,16031.000000,2989.000000,5.000000,40.000000,1.000000,0.120000,0.001000,0.000000,4.000000,5.000000
2802844.000000,36071.000000,-58.208984,109.687038,19006.916016,18948.707031,16047.000000,2994.000000,5.000000,40.000000,1.000000,0.120000,0.001000,0.000000,4.000000,5.000000
2802937.000000,36271.000000,-76.511719,107.486884,19103.146484,19026.634766,16063.000000,3001.000000,5.000000,40.000000,1.000000,0.120000,0.001000,0.000000,4.000000,5.000000
2803031.000000,36470.000000,-93.367188,105.459559,19197.931641,19104.564453,16079.000000,3010.000000,5.000000,40.000000,1.000000,0.120000,0.001000,0.000000,4.000000,5.000000
2803124.000000,36669.000000,-83.150391,106.681418,19266.035156,19182.884766,16095.000000,3018.000000,5.000000,40.000000,1.000000,0.120000,0.001000,0.000000,4.000000,5.000000
2803218.000000,36869.000000,-71.111328,108.122549,19331.923828,19260.812500,16111.000000,3025.000000,5.000000,40.000000,1.000000,0.120000,0.001000,0.000000,4.000000,5.000000
2803311.000000,37068.000000,-78.240234,107.263169,19416.980469,19338.740234,16128.000000,3032.000000,5.000000,40.000000,1.000000,0.120000,0.001000,0.000000,4.000000,5.000000
2803404.000000,37267.000000,-104.728516,104.079339,19521.398438,19416.669922,16144.000000,3042.000000,5.000000,40.000000,1.000000,0.120000,0.001000,0.000000,4.000000,5.000000
2803498.000000,37467.000000,-112.718750,103.114874,19607.708984,19494.990234,16160.000000,3053.000000,5.000000,40.000000,1.000000,0.120000,0.001000,0.000000,4.000000,5.000000
2803591.000000,37666.000000,-116.376953,102.670071,19689.296875,19572.919922,16176.000000,3064.000000,5.000000,40.000000,1.000000,0.120000,0.001000,0.000000,4.000000,5.000000
2803685.000000,37865.000000,-121.484375,102.051106,19772.332031,19650.847656,16192.000000,3076.000000,5.000000,40.000000,1.000000,0.120000,0.001000,0.000000,4.000000,5.000000
2803778.000000,38065.000000,-123.789062,101.768354,19852.957031,19729.167969,16208.000000,3088.000000,5.000000,40.000000,1.000000,0.120000,0.001000,0.000000,4.000000,5.000000
2803872.000000,38264.000000,-135.058594,100.409258,19942.156250,19807.097656,16225.000000,3101.000000,5.000000,40.000000,1.000000,0.120000,0.001000,0.000000,4.000000,5.000000
2803965.000000,38463.000000,-151.146484,98.471154,20036.171875,19885.025391,16241.000000,3116.000000,5.000000,40.000000,1.000000,0.120000,0.001000,0.000000,4.000000,5.000000
2804059.000000,38662.000000,-164.626953,96.845266,20127.972656,19963.345703,16257.000000,3132.000000,5.000000,40.000000,1.000000,0.120000,0.001000,0.000000,4.000000,5.000000
2804152.000000,38862.000000,-174.068359,95.703594,20215.341797,20041.273438,16273.000000,3149.000000,5.000000,40.000000,1.000000,0.120000,0.001000,0.000000,4.000000,5.000000
2804245.000000,39061.000000,-174.164062,95.683401,20293.367188,20119.203125,16289.000000,3166.000000,5.000000,40.000000,1.000000,0.120000,0.001000,0.000000,4.000000,5.000000
2804339.000000,39260.000000,-172.519531,95.872119,20370.042969,20197.523438,16305.000000,3183.000000,5.000000,40.000000,1.000000,0.120000,0.001000,0.000000,4.000000,5.000000
2804432.000000,39460.000000,-163.173828,96.985445,20438.626953,20275.453125,16322.000000,3199.000000,5.000000,40.000000,1.000000,0.120000,0.001000,0.000000,4.000000,5.000000
2804526.000000,39659.000000,-165.583984,96.687947,20518.964844,20353.380859,16338.000000,3215.000000,5.000000,40.000000,1.000000,0.120000,0.001000,0.000000,4.000000,5.000000
2804619.000000,39858.000000,-165.873047,96.644966,20597.181641,20431.308594,16354.000000,3231.000000,5.000000,40.000000,1.000000,0.120000,0.001000,0.000000,4.000000,5.000000
2804713.000000,40058.000000,-169.046875,96.255654,20678.675781,20509.628906,16370.000000,3247.000000,5.000000,40.000000,1.000000,0.120000,0.001000,0.000000,4.000000,5.000000
2804806.000000,40257.000000,-184.265625,94.420191,20771.824219,20587.558594,16386.000000,3265.000000,5.000000,40.000000,1.000000,0.120000,0.001000,0.000000,4.000000,5.000000
2804899.000000,40456.000000,-187.927734,93.971341,20853.414062,20665.486328,16402.000000,3283.000000,5.000000,40.000000,1.000000,0.120000,0.001000,0.000000,4.000000,5.000000
2804993.000000,40656.000000,-191.195312,93.569672,20935.001953,20743.806641,16419.000000,3302.000000,5.000000,40.000000,1.000000,0.120000,0.001000,0.000000,4.000000,5.000000
2805086.000000,40855.000000,-189.267578,93.791537,21011.003906,20821.736328,16435.000000,3320.000000,5.000000,40.000000,1.000000,0.120000,0.001000,0.000000,4.000000,5.000000
2805180.000000,41054.000000,-192.832031,93.354161,21092.498047,20899.666016,16451.000000,3339.000000,5.000000,40.000000,1.000000,0.120000,0.001000,0.000000,4.000000,5.000000
2805273.000000,41254.000000,-195.425781,93.033139,21173.412109,20977.986328,16467.000000,3358.000000,5.000000,40.000000,1.000000,0.120000,0.001000,0.000000,4.000000,5.000000
2805367.000000,41453.000000,-193.404297,93.266047,21249.318359,21055.914062,16483.000000,3377.000000,5.000000,40.000000,1.000000,0.120000,0.001000,0.000000,4.000000,5.000000
2805460.000000,41652.000000,-193.878906,93.199400,21328.113281,21134.234375,16499.000000,3396.000000,5.000000,40.000000,1.000000,0.120000,0.001000,0.000000,4.000000,5.000000
2805554.000000,41851.000000,-196.193359,92.911856,21408.355469,21212.162109,16516.000000,3415.000000,5.000000,40.000000,1.000000,0.120000,0.001000,0.000000,4.000000,5.000000
2805647.000000,42051.000000,-192.724609,93.318470,21482.816406,21290.091797,16532.000000,3434.000000,5.000000,40.000000,1.000000,0.120000,0.001000,0.000000,4.000000,5.000000
2805740.000000,42250.000000,-191.279297,93.482344,21559.298828,21368.019531,16548.000000,3453.000000,5.000000,40.000000,1.000000,0.120000,0.001000,0.000000,4.000000,5.000000
2805834.000000,42449.000000,-178.076172,95.057815,21624.416016,21446.339844,16564.000000,3470.000000,5.000000,40.000000,1.000000,0.120000,0.001000,0.000000,4.000000,5.000000
2805927.000000,42649.000000,-166.613281,96.425031,21690.882812,21524.269531,16580.000000,3486.000000,5.000000,40.000000,1.000000,0.120000,0.001000,0.000000,4.000000,5.000000
2806021.000000,42848.000000,-157.556641,97.503950,21759.755859,21602.199219,16596.000000,3501.000000,5.000000,40.000000,1.000000,0.120000,0.001000,0.000000,4.000000,5.000000
2806114.000000,43047.000000,-138.478516,99.786401,21818.998047,21680.519531,16613.000000,3514.000000,5.000000,40.000000,1.000000,0.120000,0.001000,0.000000,4.000000,5.000000
2806208.000000,43247.000000,-127.691406,101.074470,21886.138672,21758.447266,16629.000000,3526.000000,5.000000,40.000000,1.000000,0.120000,0.001000,0.000000,4.000000,5.000000
2806301.000000,43446.000000,-130.871094,100.686364,21967.246094,21836.375000,16645.000000,3539.000000,5.000000,40.000000,1.000000,0.120000,0.001000,0.000000,4.000000,5.000000
2806395.000000,43645.000000,-118.347656,102.183259,22032.652344,21914.304688,16661.000000,3550.000000,5.000000,40.000000,1.000000,0.120000,0.001000,0.000000,4.000000,5.000000
2806488.000000,43845.000000,-105.818359,103.681483,22098.443359,21992.625000,16677.000000,3560.000000,5.000000,40.000000,1.000000,0.120000,0.001000,0.000000,4.000000,5.000000
2806581.000000,44044.000000,-112.560547,102.866793,22183.115234,22070.554688,16693.000000,3571.000000,5.000000,40.000000,1.000000,0.120000,0.001000,0.000000,4.000000,5.000000
2806675.000000,44243.000000,-117.949219,102.214255,22266.824219,22148.875000,16710.000000,3582.000000,5.000000,40.000000,1.000000,0.120000,0.001000,0.000000,4.000000,5.000000
2806768.000000,44443.000000,-122.380859,101.676339,22349.183594,22226.802734,16726.000000,3594.000000,5.000000,40.000000,1.000000,0.120000,0.001000,0.000000,4.000000,5.000000
2806862.000000,44642.000000,-138.755859,99.704401,22443.488281,22304.732422,16742.000000,3607.000000,5.000000,40.000000,1.000000,0.120000,0.001000,0.000000,4.000000,5.000000
2806955.000000,44841.000000,-142.126953,99.292763,22524.787109,22382.660156,16758.000000,3621.000000,5.000000,40.000000,1.000000,0.120000,0.001000,0.000000,4.000000,5.000000
2807049.000000,45041.000000,-134.705078,100.176653,22595.685547,22460.980469,16774.000000,3634.000000,5.000000,40.000000,1.000000,0.120000,0.001000,0.000000,4.000000,5.000000
2807142.000000,45240.000000,-138.173828,99.753495,22677.082031,22538.908203,16790.000000,3647.000000,5.000000,40.000000,1.000000,0.120000,0.001000,0.000000,4.000000,5.000000
2807235.000000,45439.000000,-136.246094,99.978010,22753.083984,22616.837891,16807.000000,3660.000000,5.000000,40.000000,1.000000,0.120000,0.001000,0.000000,4.000000,5.000000
2807329.000000,45638.000000,-140.285156,99.486309,22835.443359,22695.158203,16823.000000,3674.000000,5.000000,40.000000,1.000000,0.120000,0.001000,0.000000,4.000000,5.000000
2807422.000000,45838.000000,-143.558594,99.086318,22916.646484,22773.087891,16839.000000,3688.000000,5.000000,40.000000,1.000000,0.120000,0.001000,0.000000,4.000000,5.000000
2807516.000000,46037.000000,-142.789062,99.171522,22993.804688,22851.015625,16855.000000,3702.000000,5.000000,40.000000,1.000000,0.120000,0.001000,0.000000,4.000000,5.000000
2807609.000000,46236.000000,-140.472656,99.442468,23069.808594,22929.335938,16871.000000,3716.000000,5.000000,40.000000,1.000000,0.120000,0.001000,0.000000,4.000000,5.000000
2807703.000000,46436.000000,-138.351562,99.690081,23145.617188,23007.265625,16887.000000,3729.000000,5.000000,40.000000,1.000000,0.120000,0.001000,0.000000,4.000000,5.000000
2807796.000000,46635.000000,-135.462891,100.029949,23220.656250,23085.193359,16904.000000,3742.000000,5.000000,40.000000,1.000000,0.120000,0.001000,0.000000,4.000000,5.000000
2807890.000000,46834.000000,-134.019531,100.196451,23297.140625,23163.121094,16920.000000,3755.000000,5.000000,40.000000,1.000000,0.120000,0.001000,0.000000,4.000000,5.000000
2807983.000000,47034.000000,-124.669922,101.312170,23366.111328,23241.441406,16936.000000,3767.000000,5.000000,40.000000,1.000000,0.120000,0.001000,0.000000,4.000000,5.000000
2808076.000000,47233.000000,-118.503906,102.046167,23437.875000,23319.371094,16952.000000,3778.000000,5.000000,40.000000,1.000000,0.120000,0.001000,0.000000,4.000000,5.000000
2808170.000000,47432.000000,-110.121094,103.046599,23507.421875,23397.300781,16968.000000,3789.000000,5.000000,40.000000,1.000000,0.120000,0.001000,0.000000,4.000000,5.000000
2808263.000000,47632.000000,-111.849609,102.833584,23587.470703,23475.621094,16984.000000,3800.000000,5.000000,40.000000,1.000000,0.120000,0.001000,0.000000,4.000000,5.000000
2808357.000000,47831.000000,-106.552734,103.463882,23660.101562,23553.548828,17001.000000,3810.000000,5.000000,40.000000,1.000000,0.120000,0.001000,0.000000,4.000000,5.000000
2808450.000000,48030.000000,-85.361328,106.002582,23716.837891,23631.476562,17017.000000,3818.000000,5.000000,40.000000,1.000000,0.120000,0.001000,0.000000,4.000000,5.000000
2808544.000000,48230.000000,-53.470703,109.826784,23763.267578,23709.796875,17033.000000,3823.000000,5.000000,40.000000,1.000000,0.120000,0.001000,0.000000,4.000000,5.000000
2808637.000000,48429.000000,-30.255859,112.611052,23817.982422,23787.726562,17049.000000,3826.000000,5.000000,40.000000,1.000000,0.120000,0.001000,0.000000,4.000000,5.000000
2808731.000000,48628.000000,-20.044922,113.835362,23885.699219,23865.654297,17065.000000,3828.000000,5.000000,40.000000,1.000000,0.120000,0.001000,0.000000,4.000000,5.000000
2808824.000000,48827.000000,-3.566406,115.812606,23947.541016,23943.974609,17081.000000,3828.000000,5.000000,40.000000,1.000000,0.120000,0.001000,0.000000,4.000000,5.000000
2808917.000000,49027.000000,10.978516,117.558546,24010.925781,24021.904297,17098.000000,3829.000000,5.000000,40.000000,1.000000,0.120000,0.001000,0.000000,4.000000,5.000000
2809011.000000,49226.000000,21.480469,118.819854,24078.353516,24099.833984,17114.000000,3831.000000,5.000000,40.000000,1.000000,0.120000,0.001000,0.000000,4.000000,5.000000
2809104.000000,49425.000000,32.851562,120.186028,24145.302734,24178.154297,17130.000000,3834.000000,5.000000,40.000000,1.000000,0.120000,0.001000,0.000000,4.000000,5.000000
2809198.000000,49625.000000,42.291016,121.320877,24213.791016,24256.082031,17146.000000,3838.000000,5.000000,40.000000,1.000000,0.120000,0.001000,0.000000,4.000000,5.000000
2809291.000000,49824.000000,53.367188,122.652686,24280.642578,24334.009766,17162.000000,3843.000000,5.000000,40.000000,1.000000,0.120000,0.001000,0.000000,4.000000,5.000000
2809385.000000,50023.000000,73.699219,125.096214,24338.630859,24412.330078,17178.000000,3850.000000,5.000000,40.000000,1.000000,0.120000,0.001000,0.000000,4.000000,5.000000
2809478.000000,50223.000000,91.810547,127.274164,24398.449219,24490.259766,17195.000000,3859.000000,5.000000,40.000000,1.000000,0.120000,0.001000,0.000000,4.000000,5.000000
2809572.000000,50422.000000,98.261719,128.053218,24469.925781,24568.187500,17211.000000,3868.000000,5.000000,40.000000,1.000000,0.120000,0.001000,0.000000,4.000000,5.000000
2809665.000000,50621.000000,103.464844,128.682766,24542.652344,24646.117188,17227.000000,3878.000000,5.000000,40.000000,1.000000,0.120000,0.001000,0.000000,4.000000,5.000000
2809758.000000,50821.000000,109.828125,129.451851,24614.609375,24724.437500,17243.000000,3888.000000,5.000000,40.000000,1.000000,0.120000,0.001000,0.000000,4.000000,5.000000
2809852.000000,51020.000000,116.283203,130.232275,24686.083984,24802.367188,17259.000000,3899.000000,5.000000,40.000000,1.000000,0.120000,0.001000,0.000000,4.000000,5.000000
2809945.000000,51219.000000,124.664062,131.244211,24755.630859,24880.294922,17275.000000,3911.000000,5.000000,40.000000,1.000000,0.120000,0.001000,0.000000,4.000000,5.000000
2810039.000000,51419.000000,133.433594,132.303227,24825.179688,24958.613281,17292.000000,3924.000000,5.000000,40.000000,1.000000,0.120000,0.001000,0.000000,4.000000,5.000000
2810132.000000,51618.000000,148.847656,134.160357,24887.697266,25036.544922,17308.000000,3938.000000,5.000000,40.000000,1.000000,0.120000,0.001000,0.000000,4.000000,5.000000
2810226.000000,51817.000000,167.630859,136.422723,24946.841797,25114.472656,17324.000000,3954.000000,5.000000,40.000000,1.000000,0.120000,0.001000,0.000000,4.000000,5.000000
2810319.000000,52016.000000,191.039062,139.241259,25001.363281,25192.402344,17340.000000,3973.000000,5.000000,40.000000,1.000000,0.120000,0.001000,0.000000,4.000000,5.000000
2810413.000000,52216.000000,191.527344,139.309429,25079.195312,25270.722656,17356.000000,3992.000000,5.000000,40.000000,1.000000,0.120000,0.001000,0.000000,4.000000,5.000000
2810506.000000,52415.000000,197.113281,139.989597,25151.537109,25348.650391,17372.000000,4011.000000,5.000000,40.000000,1.000000,0.120000,0.001000,0.000000,4.000000,5.000000
2810599.000000,52614.000000,212.621094,141.861166,25213.957031,25426.578125,17389.000000,4032.000000,5.000000,40.000000,1.000000,0.120000,0.001000,0.000000,4.000000,5.000000
2810693.000000,52814.000000,224.378906,143.283322,25280.519531,25504.898438,17405.000000,4054.000000,5.000000,40.000000,1.000000,0.120000,0.001000,0.000000,4.000000,5.000000
2810786.000000,53013.000000,242.294922,145.445359,25340.531250,25582.826172,17421.000000,4078.000000,5.000000,40.000000,1.000000,0.120000,0.001000,0.000000,4.000000,5.000000
2810880.000000,53212.000000,277.650391,149.701898,25383.107422,25660.757812,17437.000000,4105.000000,5.000000,40.000000,1.000000,0.120000,0.001000,0.000000,4.000000,5.000000
2810973.000000,53412.000000,292.009766,151.439623,25447.068359,25739.078125,17453.000000,4134.000000,5.000000,40.000000,1.000000,0.120000,0.001000,0.000000,4.000000,5.000000
2811067.000000,53611.000000,317.052734,154.460632,25499.953125,25817.005859,17469.000000,4165.000000,5.000000,40.000000,1.000000,0.120000,0.001000,0.000000,4.000000,5.000000
2811160.000000,53810.000000,329.384766,155.956945,25565.550781,25894.935547,17486.000000,4197.000000,5.000000,40.000000,1.000000,0.120000,0.001000,0.000000,4.000000,5.000000
2811253.000000,54010.000000,341.527344,157.431131,25631.728516,25973.255859,17502.000000,4231.000000,5.000000,40.000000,1.000000,0.120000,0.001000,0.000000,4.000000,5.000000
2811347.000000,54209.000000,358.960938,159.541110,25692.222656,26051.183594,17518.000000,4266.000000,5.000000,40.000000,1.000000,0.120000,0.001000,0.000000,4.000000,5.000000
2811440.000000,54408.000000,370.519531,160.946667,25758.591797,26129.111328,17534.000000,4303.000000,5.000000,40.000000,1.000000,0.120000,0.001000,0.000000,4.000000,5.000000
2811534.000000,54607.000000,391.814453,163.521649,25815.617188,26207.431641,17550.000000,4342.000000,5.000000,40.000000,1.000000,0.120000,0.001000,0.000000,4.000000,5.000000
2811627.000000,54807.000000,406.552734,165.310570,25878.808594,26285.361328,17566.000000,4382.000000,5.000000,40.000000,1.000000,0.120000,0.001000,0.000000,4.000000,5.000000
2811721.000000,55006.000000,432.562500,168.453370,25930.728516,26363.291016,17583.000000,4425.000000,5.000000,40.000000,1.000000,0.120000,0.001000,0.000000,4.000000,5.000000
2811814.000000,55205.000000,472.152344,173.227759,25969.066406,26441.218750,17599.000000,4472.000000,5.000000,40.000000,1.000000,0.120000,0.001000,0.000000,4.000000,5.000000
2811907.000000,55405.000000,502.886719,176.941028,26016.652344,26519.539062,17615.000000,4522.000000,5.000000,40.000000,1.000000,0.120000,0.001000,0.000000,4.000000,5.000000
2812001.000000,55604.000000,523.308594,179.417819,26074.160156,26597.468750,17631.000000,4574.000000,5.000000,40.000000,1.000000,0.120000,0.001000,0.000000,4.000000,5.000000
2812094.000000,55803.000000,543.152344,181.826226,26132.244141,26675.396484,17648.000000,4628.000000,5.000000,40.000000,1.000000,0.120000,0.001000,0.000000,4.000000,5.000000
2812188.000000,56003.000000,562.808594,184.213117,26190.908203,26753.716797,17665.000000,4684.000000,5.000000,40.000000,1.000000,0.120000,0.001000,0.000000,4.000000,5.000000
2812281.000000,56202.000000,589.105469,187.398197,26242.539062,26831.644531,17682.000000,4742.000000,5.000000,40.000000,1.000000,0.120000,0.001000,0.000000,4.000000,5.000000
2812375.000000,56401.000000,610.585938,190.006382,26298.988281,26909.574219,17699.000000,4803.000000,5.000000,40.000000,1.000000,0.120000,0.001000,0.000000,4.000000,5.000000
2812468.000000,56601.000000,627.546875,192.073072,26360.347656,26987.894531,17717.000000,4865.000000,5.000000,40.000000,1.000000,0.120000,0.001000,0.000000,4.000000,5.000000
2812561.000000,56800.000000,644.982422,194.197587,26420.841797,27065.824219,17735.000000,4929.000000,5.000000,40.000000,1.000000,0.120000,0.001000,0.000000,4.000000,5.000000
2812655.000000,56999.000000,655.384766,195.478637,26488.367188,27143.751953,17753.000000,4994.000000,5.000000,40.000000,1.000000,0.120000,0.001000,0.000000,4.000000,5.000000
2812748.000000,57198.000000,657.607422,195.778237,26564.464844,27222.072266,17771.000000,5059.000000,5.000000,40.000000,1.000000,0.120000,0.001000,0.000000,4.000000,5.000000
2812842.000000,57398.000000,680.919922,198.609783,26619.082031,27300.001953,17789.000000,5127.000000,5.000000,40.000000,1.000000,0.120000,0.001000,0.000000,4.000000,5.000000
2812935.000000,57597.000000,690.455078,199.788524,26687.474609,27377.929688,17808.000000,5196.000000,5.000000,40.000000,1.000000,0.120000,0.001000,0.000000,4.000000,5.000000
2813029.000000,57796.000000,699.804688,200.945467,26756.445312,27456.250000,17826.000000,5265.000000,5.000000,40.000000,1.000000,0.120000,0.001000,0.000000,4.000000,5.000000
2813122.000000,57996.000000,705.197266,201.627837,26828.980469,27534.177734,17845.000000,5335.000000,5.000000,40.000000,1.000000,0.120000,0.001000,0.000000,4.000000,5.000000
2813216.000000,58195.000000,710.304688,202.276243,26901.802734,27612.107422,17864.000000,5406.000000,5.000000,40.000000,1.000000,0.120000,0.001000,0.000000,4.000000,5.000000
2813309.000000,58394.000000,709.250000,202.185143,26981.177734,27690.427734,17883.000000,5476.000000,5.000000,40.000000,1.000000,0.120000,0.001000,0.000000,4.000000,5.000000
2813402.000000,58594.000000,711.271484,202.463284,27057.083984,27768.355469,17901.000000,5547.000000,5.000000,40.000000,1.000000,0.120000,0.001000,0.000000,4.000000,5.000000
2813496.000000,58793.000000,698.558594,200.972665,27147.726562,27846.285156,17920.000000,5616.000000,5.000000,40.000000,1.000000,0.120000,0.001000,0.000000,4.000000,5.000000
2813589.000000,58992.000000,683.050781,199.145880,27241.164062,27924.214844,17939.000000,5684.000000,5.000000,40.000000,1.000000,0.120000,0.001000,0.000000,4.000000,5.000000
2813683.000000,59192.000000,682.285156,199.088120,27320.250000,28002.535156,17958.000000,5752.000000,5.000000,40.000000,1.000000,0.120000,0.001000,0.000000,4.000000,5.000000
2813776.000000,59391.000000,685.656250,199.526934,27394.806641,28080.462891,17977.000000,5820.000000,5.000000,40.000000,1.000000,0.120000,0.001000,0.000000,4.000000,5.000000
2813870.000000,59590.000000,702.031250,201.527035,27456.359375,28158.390625,17995.000000,5890.000000,5.000000,40.000000,1.000000,0.120000,0.001000,0.000000,4.000000,5.000000
2813963.000000,59790.000000,712.537109,202.823365,27524.173828,28236.710938,18014.000000,5961.000000,5.000000,40.000000,1.000000,0.120000,0.001000,0.000000,4.000000,5.000000
2814057.000000,59989.000000,707.818359,202.292506,27606.822266,28314.640625,18033.000000,6031.000000,5.000000,40.000000,1.000000,0.120000,0.001000,0.000000,4.000000,5.000000
2814150.000000,60188.000000,699.339844,201.310051,27693.228516,28392.568359,18052.000000,6100.000000,5.000000,40.000000,1.000000,0.120000,0.001000,0.000000,4.000000,5.000000
2814243.000000,60387.000000,698.570312,201.252636,27771.927734,28470.498047,18071.000000,6169.000000,5.000000,40.000000,1.000000,0.120000,0.001000,0.000000,4.000000,5.000000
2814337.000000,60587.000000,701.466797,201.635287,27847.351562,28548.818359,18089.000000,6239.000000,5.000000,40.000000,1.000000,0.120000,0.001000,0.000000,4.000000,5.000000
2814430.000000,60786.000000,698.769531,201.346554,27927.978516,28626.748047,18108.000000,6308.000000,5.000000,40.000000,1.000000,0.120000,0.001000,0.000000,4.000000,5.000000
2814524.000000,60985.000000,693.181641,200.710666,28011.494141,28704.675781,18127.000000,6377.000000,5.000000,40.000000,1.000000,0.120000,0.001000,0.000000,4.000000,5.000000
2814617.000000,61185.000000,700.701172,201.648045,28082.294922,28782.996094,18146.000000,6447.000000,5.000000,40.000000,1.000000,0.120000,0.001000,0.000000,4.000000,5.000000
2814711.000000,61384.000000,708.599609,202.631288,28152.324219,28860.923828,18164.000000,6517.000000,5.000000,40.000000,1.000000,0.120000,0.001000,0.000000,4.000000,5.000000
2814804.000000,61583.000000,703.976562,202.111721,28234.876953,28938.853516,18183.000000,6587.000000,5.000000,40.000000,1.000000,0.120000,0.001000,0.000000,4.000000,5.000000
2814898.000000,61783.000000,697.625000,201.384415,28319.548828,29017.173828,18202.000000,6656.000000,5.000000,40.000000,1.000000,0.120000,0.001000,0.000000,4.000000,5.000000
2814991.000000,61982.000000,692.037109,200.748470,28403.064453,29095.101562,18221.000000,6725.000000,5.000000,40.000000,1.000000,0.120000,0.001000,0.000000,4.000000,5.000000
2815084.000000,62181.000000,680.000000,199.338016,28493.033203,29173.033203,18240.000000,6793.000000,5.000000,40.000000,1.000000,0.120000,0.001000,0.000000,4.000000,5.000000
2815178.000000,62381.000000,661.318359,197.129285,28590.035156,29251.353516,18259.000000,6859.000000,5.000000,40.000000,1.000000,0.120000,0.001000,0.000000,4.000000,5.000000
2815271.000000,62580.000000,645.230469,195.231000,28684.050781,29329.281250,18277.000000,6923.000000,5.000000,40.000000,1.000000,0.120000,0.001000,0.000000,4.000000,5.000000
2815365.000000,62779.000000,641.953125,194.869816,28765.255859,29407.208984,18296.000000,6987.000000,5.000000,40.000000,1.000000,0.120000,0.001000,0.000000,4.000000,5.000000
2815458.000000,62979.000000,628.474609,193.283818,28857.054688,29485.529297,18315.000000,7049.000000,5.000000,40.000000,1.000000,0.120000,0.001000,0.000000,4.000000,5.000000
2815552.000000,63178.000000,614.988281,191.696208,28948.468750,29563.457031,18334.000000,7110.000000,5.000000,40.000000,1.000000,0.120000,0.001000,0.000000,4.000000,5.000000
2815645.000000,63377.000000,599.480469,189.865245,29041.906250,29641.386719,18352.000000,7169.000000,5.000000,40.000000,1.000000,0.120000,0.001000,0.000000,4.000000,5.000000
2815739.000000,63577.000000,590.912109,188.866587,29128.794922,29719.707031,18371.000000,7228.000000,5.000000,40.000000,1.000000,0.120000,0.001000,0.000000,4.000000,5.000000
2815832.000000,63776.000000,575.789062,187.080611,29221.845703,29797.634766,18390.000000,7285.000000,5.000000,40.000000,1.000000,0.120000,0.001000,0.000000,4.000000,5.000000
2815925.000000,63975.000000,557.681641,184.935605,29317.884766,29875.566406,18409.000000,7340.000000,5.000000,40.000000,1.000000,0.120000,0.001000,0.000000,4.000000,5.000000
2816019.000000,64174.000000,547.765625,183.773071,29406.121094,29953.886719,18428.000000,7394.000000,5.000000,40.000000,1.000000,0.120000,0.001000,0.000000,4.000000,5.000000
2816112.000000,64374.000000,543.527344,183.291654,29488.287109,30031.814453,18446.000000,7448.000000,5.000000,40.000000,1.000000,0.120000,0.001000,0.000000,4.000000,5.000000
2816206.000000,64573.000000,554.314453,184.613823,29555.427734,30109.742188,18465.000000,7503.000000,5.000000,40.000000,1.000000,0.120000,0.001000,0.000000,4.000000,5.000000
2816299.000000,64772.000000,559.041016,185.208962,29629.021484,30188.062500,18484.000000,7558.000000,5.000000,40.000000,1.000000,0.120000,0.001000,0.000000,4.000000,5.000000
2816393.000000,64972.000000,557.500000,185.051915,29708.492188,30265.992188,18503.000000,7613.000000,5.000000,40.000000,1.000000,0.120000,0.001000,0.000000,4.000000,5.000000
2816486.000000,65171.000000,561.255859,185.530681,29782.664062,30343.919922,18522.000000,7669.000000,5.000000,40.000000,1.000000,0.120000,0.001000,0.000000,4.000000,5.000000
2816580.000000,65370.000000,572.822266,186.947291,29849.417969,30422.240234,18540.000000,7726.000000,5.000000,40.000000,1.000000,0.120000,0.001000,0.000000,4.000000,5.000000
2816673.000000,65570.000000,581.779297,188.051224,29918.388672,30500.167969,18559.000000,7784.000000,5.000000,40.000000,1.000000,0.120000,0.001000,0.000000,4.000000,5.000000
2816766.000000,65769.000000,583.318359,188.265077,29994.777344,30578.095703,18578.000000,7842.000000,5.000000,40.000000,1.000000,0.120000,0.001000,0.000000,4.000000,5.000000
2816860.000000,65968.000000,593.724609,189.543513,30062.302734,30656.027344,18597.000000,7901.000000,5.000000,40.000000,1.000000,0.120000,0.001000,0.000000,4.000000,5.000000
2816953.000000,66168.000000,608.181641,191.308766,30126.166016,30734.347656,18615.000000,7961.000000,5.000000,40.000000,1.000000,0.120000,0.001000,0.000000,4.000000,5.000000
2817047.000000,66367.000000,607.505859,191.258048,30204.769531,30812.275391,18634.000000,8021.000000,5.000000,40.000000,1.000000,0.120000,0.001000,0.000000,4.000000,5.000000
2817140.000000,66566.000000,609.240234,191.496635,30280.964844,30890.205078,18653.000000,8081.000000,5.000000,40.000000,1.000000,0.120000,0.001000,0.000000,4.000000,5.000000
2817234.000000,66765.000000,614.833984,192.198626,30353.691406,30968.525391,18672.000000,8142.000000,5.000000,40.000000,1.000000,0.120000,0.001000,0.000000,4.000000,5.000000
2817327.000000,66965.000000,614.447266,192.182943,30432.005859,31046.453125,18691.000000,8203.000000,5.000000,40.000000,1.000000,0.120000,0.001000,0.000000,4.000000,5.000000
2817420.000000,67164.000000,617.240234,192.548961,30507.140625,31124.380859,18709.000000,8264.000000,5.000000,40.000000,1.000000,0.120000,0.001000,0.000000,4.000000,5.000000
2817514.000000,67363.000000,606.835938,191.330787,30595.472656,31202.308594,18728.000000,8324.000000,5.000000,40.000000,1.000000,0.120000,0.001000,0.000000,4.000000,5.000000
2817607.000000,67563.000000,605.589844,191.211535,30675.039062,31280.628906,18747.000000,8384.000000,5.000000,40.000000,1.000000,0.120000,0.001000,0.000000,4.000000,5.000000
2817701.000000,67762.000000,605.109375,191.184134,30753.451172,31358.560547,18766.000000,8444.000000,5.000000,40.000000,1.000000,0.120000,0.001000,0.000000,4.000000,5.000000
2817794.000000,67961.000000,617.150391,192.659914,30819.337891,31436.488281,18784.000000,8505.000000,5.000000,40.000000,1.000000,0.120000,0.001000,0.000000,4.000000,5.000000
2817888.000000,68161.000000,612.822266,192.171180,30901.986328,31514.808594,18803.000000,8566.000000,5.000000,40.000000,1.000000,0.120000,0.001000,0.000000,4.000000,5.000000
2817981.000000,68360.000000,606.947266,191.496527,30985.791016,31592.738281,18822.000000,8626.000000,5.000000,40.000000,1.000000,0.120000,0.001000,0.000000,4.000000,5.000000
2818074.000000,68559.000000,611.955078,192.128063,31058.710938,31670.666016,18841.000000,8687.000000,5.000000,40.000000,1.000000,0.120000,0.001000,0.000000,4.000000,5.000000
2818168.000000,68759.000000,623.230469,193.512271,31125.755859,31748.986328,18860.000000,8749.000000,5.000000,40.000000,1.000000,0.120000,0.001000,0.000000,4.000000,5.000000
2818261.000000,68958.000000,630.550781,194.422236,31196.363281,31826.914062,18878.000000,8812.000000,5.000000,40.000000,1.000000,0.120000,0.001000,0.000000,4.000000,5.000000
2818355.000000,69157.000000,639.703125,195.552502,31265.140625,31904.843750,18897.000000,8875.000000,5.000000,40.000000,1.000000,0.120000,0.001000,0.000000,4.000000,5.000000
2818448.000000,69357.000000,648.474609,196.637504,31334.689453,31983.164062,18916.000000,8939.000000,5.000000,40.000000,1.000000,0.120000,0.001000,0.000000,4.000000,5.000000
2818542.000000,69556.000000,634.218750,194.958512,31426.875000,32061.093750,18935.000000,9002.000000,5.000000,40.000000,1.000000,0.120000,0.001000,0.000000,4.000000,5.000000
2818635.000000,69755.000000,609.943359,192.075962,31529.078125,32139.021484,18953.000000,9062.000000,5.000000,40.000000,1.000000,0.120000,0.001000,0.000000,4.000000,5.000000
2818729.000000,69954.000000,598.384766,190.718850,31618.566406,32216.951172,18972.000000,9121.000000,5.000000,40.000000,1.000000,0.120000,0.001000,0.000000,4.000000,5.000000
2818822.000000,70154.000000,594.634766,190.298582,31700.636719,32295.271484,18991.000000,9180.000000,5.000000,40.000000,1.000000,0.120000,0.001000,0.000000,4.000000,5.000000
2818915.000000,70353.000000,574.212891,187.876668,31798.986328,32373.199219,19010.000000,9237.000000,5.000000,40.000000,1.000000,0.120000,0.001000,0.000000,4.000000,5.000000
2819009.000000,70552.000000,562.949219,186.553175,31888.570312,32451.519531,19029.000000,9293.000000,5.000000,40.000000,1.000000,0.120000,0.001000,0.000000,4.000000,5.000000
2819102.000000,70752.000000,566.416016,186.997511,31963.031250,32529.447266,19047.000000,9349.000000,5.000000,40.000000,1.000000,0.120000,0.001000,0.000000,4.000000,5.000000
2819196.000000,70951.000000,568.150391,187.234044,32039.226562,32607.376953,19066.000000,9405.000000,5.000000,40.000000,1.000000,0.120000,0.001000,0.000000,4.000000,5.000000
2819289.000000,71150.000000,562.666016,186.604052,32123.031250,32685.697266,19085.000000,9461.000000,5.000000,40.000000,1.000000,0.120000,0.001000,0.000000,4.000000,5.000000
2819383.000000,71350.000000,580.583984,188.783237,32183.042969,32763.626953,19104.000000,9519.000000,5.000000,40.000000,1.000000,0.120000,0.001000,0.000000,4.000000,5.000000
2819476.000000,71549.000000,594.935547,190.535172,32246.619141,32841.554688,19123.000000,9578.000000,5.000000,40.000000,1.000000,0.120000,0.001000,0.000000,4.000000,5.000000
2819570.000000,71748.000000,597.638672,190.889428,32322.236328,32919.875000,19141.000000,9637.000000,5.000000,40.000000,1.000000,0.120000,0.001000,0.000000,4.000000,5.000000
2819663.000000,71948.000000,605.250000,191.833050,32392.554688,32997.804688,19160.000000,9697.000000,5.000000,40.000000,1.000000,0.120000,0.001000,0.000000,4.000000,5.000000
2819756.000000,72147.000000,625.767578,194.326448,32449.966797,33075.734375,19179.000000,9759.000000,5.000000,40.000000,1.000000,0.120000,0.001000,0.000000,4.000000,5.000000
2819850.000000,72346.000000,618.830078,193.524890,32534.830078,33153.660156,19198.000000,9820.000000,5.000000,40.000000,1.000000,0.120000,0.001000,0.000000,4.000000,5.000000
2819943.000000,72546.000000,609.683594,192.457796,32622.296875,33231.980469,19216.000000,9880.000000,5.000000,40.000000,1.000000,0.120000,0.001000,0.000000,4.000000,5.000000
2820037.000000,72745.000000,613.345703,192.927916,32696.564453,33309.910156,19235.000000,9941.000000,5.000000,40.000000,1.000000,0.120000,0.001000,0.000000,4.000000,5.000000
2820130.000000,72944.000000,618.253906,193.547813,32769.582031,33387.835938,19254.000000,10002.000000,5.000000,40.000000,1.000000,0.120000,0.001000,0.000000,4.000000,5.000000
2820224.000000,73143.000000,616.914062,193.417878,32849.242188,33466.156250,19273.000000,10063.000000,5.000000,40.000000,1.000000,0.120000,0.001000,0.000000,4.000000,5.000000
2820317.000000,73343.000000,597.554688,191.124630,32946.535156,33544.089844,19292.000000,10122.000000,5.000000,40.000000,1.000000,0.120000,0.001000,0.000000,4.000000,5.000000
2820411.000000,73542.000000,586.957031,189.882259,33035.058594,33622.015625,19310.000000,10180.000000,5.000000,40.000000,1.000000,0.120000,0.001000,0.000000,4.000000,5.000000
2820504.000000,73741.000000,586.574219,189.865651,33113.371094,33699.945312,19329.000000,10238.000000,5.000000,40.000000,1.000000,0.120000,0.001000,0.000000,4.000000,5.000000
2820597.000000,73941.000000,577.812500,188.843135,33200.453125,33778.265625,19348.000000,10295.000000,5.000000,40.000000,1.000000,0.120000,0.001000,0.000000,4.000000,5.000000
2820691.000000,74140.000000,552.480469,185.830915,33303.714844,33856.195312,19367.000000,10350.000000,5.000000,40.000000,1.000000,0.120000,0.001000,0.000000,4.000000,5.000000
2820784.000000,74339.000000,528.019531,182.922004,33406.496094,33934.515625,19385.000000,10402.000000,5.000000,40.000000,1.000000,0.120000,0.001000,0.000000,4.000000,5.000000
2820878.000000,74539.000000,521.753906,182.196216,33490.687500,34012.441406,19404.000000,10454.000000,5.000000,40.000000,1.000000,0.120000,0.001000,0.000000,4.000000,5.000000
2820971.000000,74738.000000,519.156250,181.910456,33571.214844,34090.371094,19423.000000,10505.000000,5.000000,40.000000,1.000000,0.120000,0.001000,0.000000,4.000000,5.000000
2821065.000000,74937.000000,510.968750,180.953504,33657.332031,34168.300781,19442.000000,10556.000000,5.000000,40.000000,1.000000,0.120000,0.001000,0.000000,4.000000,5.000000
2821158.000000,75137.000000,512.804688,181.199457,33733.816406,34246.621094,19461.000000,10607.000000,5.000000,40.000000,1.000000,0.120000,0.001000,0.000000,4.000000,5.000000
2821252.000000,75336.000000,517.140625,181.745626,33807.410156,34324.550781,19479.000000,10658.000000,5.000000,40.000000,1.000000,0.120000,0.001000,0.000000,4.000000,5.000000
2821345.000000,75535.000000,500.863281,179.817388,33901.617188,34402.480469,19498.000000,10708.000000,5.000000,40.000000,1.000000,0.120000,0.001000,0.000000,4.000000,5.000000
2821438.000000,75735.000000,503.660156,180.178196,33977.140625,34480.800781,19517.000000,10758.000000,5.000000,40.000000,1.000000,0.120000,0.001000,0.000000,4.000000,5.000000
2821532.000000,75934.000000,498.167969,179.544042,34060.558594,34558.726562,19536.000000,10807.000000,5.000000,40.000000,1.000000,0.120000,0.001000,0.000000,4.000000,5.000000
2821625.000000,76133.000000,482.757812,177.718961,34153.898438,34636.656250,19555.000000,10855.000000,5.000000,40.000000,1.000000,0.120000,0.001000,0.000000,4.000000,5.000000
2821719.000000,76332.000000,493.453125,179.027071,34221.523438,34714.976562,19573.000000,10904.000000,5.000000,40.000000,1.000000,0.120000,0.001000,0.000000,4.000000,5.000000
2821812.000000,76532.000000,498.078125,179.606975,34294.828125,34792.906250,19592.000000,10953.000000,5.000000,40.000000,1.000000,0.120000,0.001000,0.000000,4.000000,5.000000
2821906.000000,76731.000000,504.726562,180.430024,34366.109375,34870.835938,19611.000000,11003.000000,5.000000,40.000000,1.000000,0.120000,0.001000,0.000000,4.000000,5.000000
2821999.000000,76930.000000,511.476562,181.265598,34437.679688,34949.156250,19630.000000,11054.000000,5.000000,40.000000,1.000000,0.120000,0.001000,0.000000,4.000000,5.000000
2822093.000000,77130.000000,522.164062,182.574206,34504.917969,35027.082031,19648.000000,11106.000000,5.000000,40.000000,1.000000,0.120000,0.001000,0.000000,4.000000,5.000000
2822186.000000,77329.000000,504.058594,180.426753,34600.953125,35105.011719,19667.000000,11156.000000,5.000000,40.000000,1.000000,0.120000,0.001000,0.000000,4.000000,5.000000
2822279.000000,77528.000000,478.824219,177.422569,34704.507812,35183.332031,19686.000000,11203.000000,5.000000,40.000000,1.000000,0.120000,0.001000,0.000000,4.000000,5.000000
2822373.000000,77728.000000,468.132812,176.163007,34793.128906,35261.261719,19705.000000,11249.000000,5.000000,40.000000,1.000000,0.120000,0.001000,0.000000,4.000000,5.000000
2822466.000000,77927.000000,456.476562,174.787081,34882.710938,35339.187500,19724.000000,11294.000000,5.000000,40.000000,1.000000,0.120000,0.001000,0.000000,4.000000,5.000000
2822560.000000,78126.000000,461.585938,175.423285,34955.921875,35417.507812,19742.000000,11340.000000,5.000000,40.000000,1.000000,0.120000,0.001000,0.000000,4.000000,5.000000
2822653.000000,78326.000000,471.894531,176.683911,35023.542969,35495.437500,19761.000000,11387.000000,5.000000,40.000000,1.000000,0.120000,0.001000,0.000000,4.000000,5.000000
2822747.000000,78525.000000,467.753906,176.210424,35105.613281,35573.367188,19780.000000,11433.000000,5.000000,40.000000,1.000000,0.120000,0.001000,0.000000,4.000000,5.000000
2822840.000000,78724.000000,443.871094,173.366680,35207.816406,35651.687500,19799.000000,11477.000000,5.000000,40.000000,1.000000,0.120000,0.001000,0.000000,4.000000,5.000000
2822933.000000,78924.000000,425.281250,171.157163,35304.335938,35729.617188,19817.000000,11519.000000,5.000000,40.000000,1.000000,0.120000,0.001000,0.000000,4.000000,5.000000
2823027.000000,79123.000000,422.777344,170.877833,35384.769531,35807.546875,19836.000000,11561.000000,5.000000,40.000000,1.000000,0.120000,0.001000,0.000000,4.000000,5.000000
2823120.000000,79322.000000,408.710938,169.210299,35476.761719,35885.472656,19855.000000,11601.000000,5.000000,40.000000,1.000000,0.120000,0.001000,0.000000,4.000000,5.000000
2823214.000000,79522.000000,396.476562,167.761998,35566.925781,35963.402344,19874.000000,11640.000000,5.000000,40.000000,1.000000,0.120000,0.001000,0.000000,4.000000,5.000000
2823307.000000,79721.000000,408.234375,169.193348,35633.488281,36041.722656,19893.000000,11680.000000,5.000000,40.000000,1.000000,0.120000,0.001000,0.000000,4.000000,5.000000
2823401.000000,79920.000000,420.277344,170.659518,35699.375000,36119.652344,19911.000000,11722.000000,5.000000,40.000000,1.000000,0.120000,0.001000,0.000000,4.000000,5.000000
2823494.000000,80120.000000,409.496094,169.386242,35788.476562,36197.972656,19930.000000,11762.000000,5.000000,40.000000,1.000000,0.120000,0.001000,0.000000,4.000000,5.000000
2823588.000000,80319.000000,407.179688,169.128633,35868.718750,36275.898438,19949.000000,11802.000000,5.000000,40.000000,1.000000,0.120000,0.001000,0.000000,4.000000,5.000000
2823681.000000,80518.000000,413.925781,169.958860,35939.902344,36353.828125,19968.000000,11843.000000,5.000000,40.000000,1.000000,0.120000,0.001000,0.000000,4.000000,5.000000
2823774.000000,80717.000000,430.210938,171.934590,36001.937500,36432.148438,19986.000000,11886.000000,5.000000,40.000000,1.000000,0.120000,0.001000,0.000000,4.000000,5.000000
2823868.000000,80917.000000,443.890625,173.598347,36066.187500,36510.078125,20005.000000,11930.000000,5.000000,40.000000,1.000000,0.120000,0.001000,0.000000,4.000000,5.000000
2823961.000000,81116.000000,447.648438,174.071666,36140.359375,36588.007812,20024.000000,11974.000000,5.000000,40.000000,1.000000,0.120000,0.001000,0.000000,4.000000,5.000000
2824055.000000,81315.000000,426.074219,171.504064,36240.253906,36666.328125,20043.000000,12016.000000,5.000000,40.000000,1.000000,0.120000,0.001000,0.000000,4.000000,5.000000
2824148.000000,81515.000000,407.964844,169.351337,36336.289062,36744.253906,20062.000000,12056.000000,5.000000,40.000000,1.000000,0.120000,0.001000,0.000000,4.000000,5.000000
2824242.000000,81714.000000,413.648438,170.054051,36408.535156,36822.183594,20080.000000,12097.000000,5.000000,40.000000,1.000000,0.120000,0.001000,0.000000,4.000000,5.000000
2824335.000000,81913.000000,430.414062,172.087447,36470.089844,36900.503906,20099.000000,12140.000000,5.000000,40.000000,1.000000,0.120000,0.001000,0.000000,4.000000,5.000000
2824429.000000,82113.000000,447.367188,174.144190,36531.066406,36978.433594,20118.000000,12184.000000,5.000000,40.000000,1.000000,0.120000,0.001000,0.000000,4.000000,5.000000
2824522.000000,82312.000000,458.160156,175.462254,36598.203125,37056.363281,20137.000000,12229.000000,5.000000,40.000000,1.000000,0.120000,0.001000,0.000000,4.000000,5.000000
2824615.000000,82511.000000,481.277344,178.260381,36653.015625,37134.292969,20156.000000,12277.000000,5.000000,40.000000,1.000000,0.120000,0.001000,0.000000,4.000000,5.000000
2824709.000000,82711.000000,500.445312,180.585559,36711.773438,37212.218750,20174.000000,12327.000000,5.000000,40.000000,1.000000,0.120000,0.001000,0.000000,4.000000,5.000000
2824802.000000,82910.000000,521.738281,183.166802,36768.800781,37290.539062,20193.000000,12379.000000,5.000000,40.000000,1.000000,0.120000,0.001000,0.000000,4.000000,5.000000
2824896.000000,83109.000000,546.496094,186.165065,36821.972656,37368.468750,20212.000000,12433.000000,5.000000,40.000000,1.000000,0.120000,0.001000,0.000000,4.000000,5.000000
2824989.000000,83308.000000,578.867188,190.078539,36867.921875,37446.789062,20231.000000,12490.000000,5.000000,40.000000,1.000000,0.120000,0.001000,0.000000,4.000000,5.000000
2825083.000000,83508.000000,604.683594,193.206742,36920.035156,37524.718750,20249.000000,12550.000000,5.000000,40.000000,1.000000,0.120000,0.001000,0.000000,4.000000,5.000000
2825176.000000,83707.000000,608.246094,193.664654,36994.398438,37602.644531,20268.000000,12610.000000,5.000000,40.000000,1.000000,0.120000,0.001000,0.000000,4.000000,5.000000
2825269.000000,83906.000000,604.976562,193.302559,37075.988281,37680.964844,20287.000000,12670.000000,5.000000,40.000000,1.000000,0.120000,0.001000,0.000000,4.000000,5.000000
2825363.000000,84106.000000,584.269531,190.846929,37174.628906,37758.898438,20306.000000,12728.000000,5.000000,40.000000,1.000000,0.120000,0.001000,0.000000,4.000000,5.000000
2825456.000000,84305.000000,564.136719,188.459199,37272.687500,37836.824219,20325.000000,12784.000000,5.000000,40.000000,1.000000,0.120000,0.001000,0.000000,4.000000,5.000000
2825550.000000,84504.000000,554.992188,187.389604,37360.152344,37915.144531,20343.000000,12839.000000,5.000000,40.000000,1.000000,0.120000,0.001000,0.000000,4.000000,5.000000
2825643.000000,84704.000000,537.363281,185.301004,37455.710938,37993.074219,20362.000000,12892.000000,5.000000,40.000000,1.000000,0.120000,0.001000,0.000000,4.000000,5.000000
2825737.000000,84903.000000,536.011719,185.165617,37534.988281,38071.000000,20381.000000,12945.000000,5.000000,40.000000,1.000000,0.120000,0.001000,0.000000,4.000000,5.000000
2825830.000000,85102.000000,542.949219,186.025264,37605.980469,38148.929688,20400.000000,12999.000000,5.000000,40.000000,1.000000,0.120000,0.001000,0.000000,4.000000,5.000000
2825924.000000,85302.000000,541.894531,185.925797,37685.355469,38227.250000,20418.000000,13053.000000,5.000000,40.000000,1.000000,0.120000,0.001000,0.000000,4.000000,5.000000
2826017.000000,85501.000000,530.335938,184.565282,37774.843750,38305.179688,20437.000000,13106.000000,5.000000,40.000000,1.000000,0.120000,0.001000,0.000000,4.000000,5.000000
2826110.000000,85700.000000,517.140625,183.007702,37865.968750,38383.109375,20456.000000,13157.000000,5.000000,40.000000,1.000000,0.120000,0.001000,0.000000,4.000000,5.000000
2826204.000000,85900.000000,507.707031,181.901056,37953.722656,38461.429688,20475.000000,13207.000000,5.000000,40.000000,1.000000,0.120000,0.001000,0.000000,4.000000,5.000000
2826297.000000,86099.000000,514.546875,182.747564,38024.812500,38539.359375,20494.000000,13258.000000,5.000000,40.000000,1.000000,0.120000,0.001000,0.000000,4.000000,5.000000
2826391.000000,86298.000000,522.250000,183.698052,38095.035156,38617.285156,20512.000000,13310.000000,5.000000,40.000000,1.000000,0.120000,0.001000,0.000000,4.000000,5.000000
2826484.000000,86497.000000,528.132812,184.430396,38167.472656,38695.605469,20531.000000,13362.000000,5.000000,40.000000,1.000000,0.120000,0.001000,0.000000,4.000000,5.000000
2826578.000000,86697.000000,542.003906,186.122027,38231.531250,38773.535156,20550.000000,13416.000000,5.000000,40.000000,1.000000,0.120000,0.001000,0.000000,4.000000,5.000000
2826671.000000,86896.000000,548.363281,186.912571,38303.101562,38851.464844,20569.000000,13470.000000,5.000000,40.000000,1.000000,0.120000,0.001000,0.000000,4.000000,5.000000
2826765.000000,87095.000000,537.097656,185.587550,38392.687500,38929.785156,20587.000000,13523.000000,5.000000,40.000000,1.000000,0.120000,0.001000,0.000000,4.000000,5.000000
2826858.000000,87295.000000,547.886719,186.909632,38459.824219,39007.710938,20606.000000,13577.000000,5.000000,40.000000,1.000000,0.120000,0.001000,0.000000,4.000000,5.000000
2826951.000000,87494.000000,570.425781,189.642841,38515.214844,39085.640625,20625.000000,13634.000000,5.000000,40.000000,1.000000,0.120000,0.001000,0.000000,4.000000,5.000000
2827045.000000,87693.000000,592.589844,192.332158,38571.371094,39163.960938,20644.000000,13693.000000,5.000000,40.000000,1.000000,0.120000,0.001000,0.000000,4.000000,5.000000
2827138.000000,87893.000000,612.433594,194.744030,38629.457031,39241.890625,20663.000000,13754.000000,5.000000,40.000000,1.000000,0.120000,0.001000,0.000000,4.000000,5.000000
2827232.000000,88092.000000,611.855469,194.705248,38707.964844,39319.820312,20681.000000,13815.000000,5.000000,40.000000,1.000000,0.120000,0.001000,0.000000,4.000000,5.000000
2827325.000000,88291.000000,610.031250,194.516843,38788.109375,39398.140625,20700.000000,13876.000000,5.000000,40.000000,1.000000,0.120000,0.001000,0.000000,4.000000,5.000000
2827419.000000,88491.000000,617.738281,195.472574,38858.332031,39476.070312,20719.000000,13937.000000,5.000000,40.000000,1.000000,0.120000,0.001000,0.000000,4.000000,5.000000
2827512.000000,88690.000000,626.210938,196.520603,38927.785156,39553.996094,20738.000000,13999.000000,5.000000,40.000000,1.000000,0.120000,0.001000,0.000000,4.000000,5.000000
2827605.000000,88889.000000,633.339844,197.407739,38998.585938,39631.925781,20757.000000,14062.000000,5.000000,40.000000,1.000000,0.120000,0.001000,0.000000,4.000000,5.000000
2827699.000000,89089.000000,638.355469,198.041531,39071.890625,39710.246094,20775.000000,14125.000000,5.000000,40.000000,1.000000,0.120000,0.001000,0.000000,4.000000,5.000000
2827792.000000,89288.000000,645.386719,198.917551,39142.785156,39788.171875,20794.000000,14189.000000,5.000000,40.000000,1.000000,0.120000,0.001000,0.000000,4.000000,5.000000
2827886.000000,89487.000000,664.945312,201.297829,39201.160156,39866.105469,20813.000000,14255.000000,5.000000,40.000000,1.000000,0.120000,0.001000,0.000000,4.000000,5.000000
2827979.000000,89687.000000,666.105469,201.470353,39278.320312,39944.425781,20832.000000,14321.000000,5.000000,40.000000,1.000000,0.120000,0.001000,0.000000,4.000000,5.000000
2828073.000000,89886.000000,643.468750,198.786120,39378.882812,40022.351562,20850.000000,14385.000000,5.000000,40.000000,1.000000,0.120000,0.001000,0.000000,4.000000,5.000000
2828166.000000,90085.000000,626.128906,196.736646,39474.152344,40100.281250,20869.000000,14447.000000,5.000000,40.000000,1.000000,0.120000,0.001000,0.000000,4.000000,5.000000
2828260.000000,90284.000000,630.566406,197.300674,39548.035156,40178.601562,20888.000000,14510.000000,5.000000,40.000000,1.000000,0.120000,0.001000,0.000000,4.000000,5.000000
2828353.000000,90484.000000,657.347656,200.547291,39599.183594,40256.531250,20907.000000,14575.000000,5.000000,40.000000,1.000000,0.120000,0.001000,0.000000,4.000000,5.000000
2828446.000000,90683.000000,672.949219,202.453126,39661.507812,40334.457031,20926.000000,14642.000000,5.000000,40.000000,1.000000,0.120000,0.001000,0.000000,4.000000,5.000000
2828540.000000,90882.000000,671.796875,202.348435,39740.980469,40412.777344,20944.000000,14709.000000,5.000000,40.000000,1.000000,0.120000,0.001000,0.000000,4.000000,5.000000
2828633.000000,91082.000000,668.429688,201.977794,39822.277344,40490.707031,20963.000000,14775.000000,5.000000,40.000000,1.000000,0.120000,0.001000,0.000000,4.000000,5.000000
2828727.000000,91281.000000,680.953125,203.514654,39887.683594,40568.636719,20982.000000,14843.000000,5.000000,40.000000,1.000000,0.120000,0.001000,0.000000,4.000000,5.000000
2828820.000000,91480.000000,679.128906,203.329704,39967.828125,40646.957031,21001.000000,14910.000000,5.000000,40.000000,1.000000,0.120000,0.001000,0.000000,4.000000,5.000000
2828914.000000,91680.000000,682.113281,203.721935,40042.773438,40724.886719,21020.000000,14978.000000,5.000000,40.000000,1.000000,0.120000,0.001000,0.000000,4.000000,5.000000
2829007.000000,91879.000000,657.359375,200.784334,40145.457031,40802.816406,21039.000000,15043.000000,5.000000,40.000000,1.000000,0.120000,0.001000,0.000000,4.000000,5.000000
2829100.000000,92078.000000,604.859375,194.514577,40275.882812,40880.742188,21058.000000,15103.000000,5.000000,40.000000,1.000000,0.120000,0.001000,0.000000,4.000000,5.000000
2829194.000000,92278.000000,573.269531,190.752459,40385.792969,40959.062500,21076.000000,15160.000000,5.000000,40.000000,1.000000,0.120000,0.001000,0.000000,4.000000,5.000000
2829287.000000,92477.000000,554.484375,188.525965,40482.507812,41036.992188,21095.000000,15215.000000,5.000000,40.000000,1.000000,0.120000,0.001000,0.000000,4.000000,5.000000
2829381.000000,92676.000000,544.089844,187.305825,40571.222656,41115.312500,21114.000000,15269.000000,5.000000,40.000000,1.000000,0.120000,0.001000,0.000000,4.000000,5.000000
2829474.000000,92876.000000,545.246094,187.471838,40647.996094,41193.242188,21132.000000,15323.000000,5.000000,40.000000,1.000000,0.120000,0.001000,0.000000,4.000000,5.000000
2829568.000000,93075.000000,547.367188,187.753737,40723.804688,41271.171875,21151.000000,15377.000000,5.000000,40.000000,1.000000,0.120000,0.001000,0.000000,4.000000,5.000000
2829661.000000,93274.000000,532.527344,185.999582,40816.570312,41349.097656,21170.000000,15430.000000,5.000000,40.000000,1.000000,0.120000,0.001000,0.000000,4.000000,5.000000
2829755.000000,93474.000000,534.460938,186.258337,40892.957031,41427.417969,21189.000000,15483.000000,5.000000,40.000000,1.000000,0.120000,0.001000,0.000000,4.000000,5.000000
2829848.000000,93673.000000,552.667969,188.470814,40952.679688,41505.347656,21207.000000,15538.000000,5.000000,40.000000,1.000000,0.120000,0.001000,0.000000,4.000000,5.000000
2829942.000000,93872.000000,559.605469,189.331294,41023.671875,41583.277344,21226.000000,15593.000000,5.000000,40.000000,1.000000,0.120000,0.001000,0.000000,4.000000,5.000000
2830035.000000,94071.000000,556.625000,189.001469,41104.972656,41661.597656,21245.000000,15648.000000,5.000000,40.000000,1.000000,0.120000,0.001000,0.000000,4.000000,5.000000
2830128.000000,94271.000000,566.640625,190.231676,41172.882812,41739.523438,21263.000000,15704.000000,5.000000,40.000000,1.000000,0.120000,0.001000,0.000000,4.000000,5.000000
2830222.000000,94470.000000,571.554688,190.849941,41245.898438,41817.453125,21282.000000,15761.000000,5.000000,40.000000,1.000000,0.120000,0.001000,0.000000,4.000000,5.000000
2830315.000000,94669.000000,554.316406,188.809064,41341.457031,41895.773438,21301.000000,15816.000000,5.000000,40.000000,1.000000,0.120000,0.001000,0.000000,4.000000,5.000000
2830409.000000,94869.000000,543.527344,187.541552,41430.175781,41973.703125,21319.000000,15870.000000,5.000000,40.000000,1.000000,0.120000,0.001000,0.000000,4.000000,5.000000
2830502.000000,95068.000000,529.175781,185.845824,41522.457031,42051.632812,21338.000000,15922.000000,5.000000,40.000000,1.000000,0.120000,0.001000,0.000000,4.000000,5.000000
2830596.000000,95267.000000,539.585938,187.122022,41590.367188,42129.953125,21357.000000,15975.000000,5.000000,40.000000,1.000000,0.120000,0.001000,0.000000,4.000000,5.000000
2830689.000000,95467.000000,526.777344,185.611329,41681.105469,42207.882812,21375.000000,16027.000000,5.000000,40.000000,1.000000,0.120000,0.001000,0.000000,4.000000,5.000000
2830783.000000,95666.000000,510.878906,183.729061,41774.929688,42285.808594,21394.000000,16078.000000,5.000000,40.000000,1.000000,0.120000,0.001000,0.000000,4.000000,5.000000
2830876.000000,95865.000000,519.074219,184.738452,41845.054688,42364.128906,21413.000000,16129.000000,5.000000,40.000000,1.000000,0.120000,0.001000,0.000000,4.000000,5.000000
2830969.000000,96065.000000,512.714844,184.000963,41929.343750,42442.058594,21431.000000,16180.000000,5.000000,40.000000,1.000000,0.120000,0.001000,0.000000,4.000000,5.000000
2831063.000000,96264.000000,488.441406,181.112572,42031.546875,42519.988281,21450.000000,16228.000000,5.000000,40.000000,1.000000,0.120000,0.001000,0.000000,4.000000,5.000000
2831156.000000,96463.000000,462.335938,178.003033,42135.578125,42597.914062,21469.000000,16274.000000,5.000000,40.000000,1.000000,0.120000,0.001000,0.000000,4.000000,5.000000
2831250.000000,96663.000000,452.804688,176.881923,42223.429688,42676.234375,21488.000000,16319.000000,5.000000,40.000000,1.000000,0.120000,0.001000,0.000000,4.000000,5.000000
2831343.000000,96862.000000,461.187500,177.910920,42292.976562,42754.164062,21506.000000,16365.000000,5.000000,40.000000,1.000000,0.120000,0.001000,0.000000,4.000000,5.000000
2831436.000000,97061.000000,465.234375,178.419807,42366.859375,42832.093750,21525.000000,16411.000000,5.000000,40.000000,1.000000,0.120000,0.001000,0.000000,4.000000,5.000000
2831530.000000,97261.000000,459.265625,177.726520,42451.148438,42910.414062,21544.000000,16456.000000,5.000000,40.000000,1.000000,0.120000,0.001000,0.000000,4.000000,5.000000
2831624.000000,97460.000000,446.648438,176.234790,42541.695312,42988.343750,21562.000000,16500.000000,5.000000,40.000000,1.000000,0.120000,0.001000,0.000000,4.000000,5.000000
2831717.000000,97659.000000,448.187500,176.441887,42618.082031,43066.269531,21581.000000,16544.000000,5.000000,40.000000,1.000000,0.120000,0.001000,0.000000,4.000000,5.000000
2831810.000000,97858.000000,452.046875,176.927614,42692.542969,43144.589844,21600.000000,16589.000000,5.000000,40.000000,1.000000,0.120000,0.001000,0.000000,4.000000,5.000000
2831904.000000,98058.000000,459.562500,177.852467,42762.957031,43222.519531,21618.000000,16634.000000,5.000000,40.000000,1.000000,0.120000,0.001000,0.000000,4.000000,5.000000
2831997.000000,98257.000000,469.578125,179.077821,42830.871094,43300.449219,21637.000000,16680.000000,5.000000,40.000000,1.000000,0.120000,0.001000,0.000000,4.000000,5.000000
2832091.000000,98456.000000,488.753906,181.403353,42890.015625,43378.769531,21656.000000,16728.000000,5.000000,40.000000,1.000000,0.120000,0.001000,0.000000,4.000000,5.000000
2832184.000000,98656.000000,513.511719,184.399966,42943.187500,43456.699219,21674.000000,16779.000000,5.000000,40.000000,1.000000,0.120000,0.001000,0.000000,4.000000,5.000000
2832278.000000,98855.000000,521.121094,185.339147,43013.507812,43534.628906,21693.000000,16831.000000,5.000000,40.000000,1.000000,0.120000,0.001000,0.000000,4.000000,5.000000
2832371.000000,99054.000000,523.054688,185.597331,43089.894531,43612.949219,21712.000000,16883.000000,5.000000,40.000000,1.000000,0.120000,0.001000,0.000000,4.000000,5.000000
2832465.000000,99254.000000,538.175781,187.438771,43152.699219,43690.875000,21730.000000,16936.000000,5.000000,40.000000,1.000000,0.120000,0.001000,0.000000,4.000000,5.000000
2832558.000000,99453.000000,546.652344,188.483291,43222.152344,43768.804688,21749.000000,16990.000000,5.000000,40.000000,1.000000,0.120000,0.001000,0.000000,4.000000,5.000000
2832651.000000,99652.000000,551.667969,189.112749,43295.457031,43847.125000,21768.000000,17045.000000,5.000000,40.000000,1.000000,0.120000,0.001000,0.000000,4.000000,5.000000
2832745.000000,99852.000000,543.480469,188.157423,43381.574219,43925.054688,21787.000000,17099.000000,5.000000,40.000000,1.000000,0.120000,0.001000,0.000000,4.000000,5.000000
2832838.000000,100051.000000,541.265625,187.918705,43461.714844,44002.980469,21805.000000,17153.000000,5.000000,40.000000,1.000000,0.120000,0.001000,0.000000,4.000000,5.000000
2832932.000000,100250.000000,525.375000,186.038099,43555.539062,44080.914062,21824.000000,17205.000000,5.000000,40.000000,1.000000,0.120000,0.001000,0.000000,4.000000,5.000000
2833025.000000,100450.000000,487.812500,181.554990,43671.421875,44159.234375,21843.000000,17253.000000,5.000000,40.000000,1.000000,0.120000,0.001000,0.000000,4.000000,5.000000
2833119.000000,100649.000000,458.140625,178.017272,43779.019531,44237.160156,21861.000000,17298.000000,5.000000,40.000000,1.000000,0.120000,0.001000,0.000000,4.000000,5.000000
2833212.000000,100848.000000,452.265625,177.334885,43862.824219,44315.089844,21880.000000,17343.000000,5.000000,40.000000,1.000000,0.120000,0.001000,0.000000,4.000000,5.000000
2833305.000000,101048.000000,448.226562,176.872609,43945.183594,44393.410156,21899.000000,17387.000000,5.000000,40.000000,1.000000,0.120000,0.001000,0.000000,4.000000,5.000000
2833399.000000,101247.000000,428.089844,174.477607,44043.246094,44471.335938,21917.000000,17429.000000,5.000000,40.000000,1.000000,0.120000,0.001000,0.000000,4.000000,5.000000
2833492.000000,101446.000000,425.781250,174.221865,44123.484375,44549.265625,21936.000000,17471.000000,5.000000,40.000000,1.000000,0.120000,0.001000,0.000000,4.000000,5.000000
2833586.000000,101646.000000,433.589844,175.180576,44193.996094,44627.585938,21955.000000,17514.000000,5.000000,40.000000,1.000000,0.120000,0.001000,0.000000,4.000000,5.000000
2833679.000000,101845.000000,435.804688,175.468147,44269.710938,44705.515625,21973.000000,17557.000000,5.000000,40.000000,1.000000,0.120000,0.001000,0.000000,4.000000,5.000000
2833773.000000,102044.000000,441.292969,176.148806,44342.148438,44783.441406,21992.000000,17601.000000,5.000000,40.000000,1.000000,0.120000,0.001000,0.000000,4.000000,5.000000
2833866.000000,102243.000000,452.570312,177.524715,44409.191406,44861.761719,22011.000000,17646.000000,5.000000,40.000000,1.000000,0.120000,0.001000,0.000000,4.000000,5.000000
2833960.000000,102400.000000,453.054688,177.605493,44486.640625,44939.695312,22029.000000,17691.000000,5.000000,40.000000,1.000000,0.120000,0.001000,0.000000,4.000000,5.000000
